Workbook

Sheet sheet1
A1: DB 서비스 이름 | B1: DB Role | C1: 상태 | D1: DB Server 이름 | E1: DB Server 타입 | F1: VPC | G1: Subnet | H1: Private 도메인 | I1: Public 도메인 | J1: 생성 일시 | K1: 데이터 스토리지 타입 | L1: 데이터 스토리지 용량 | M1: 데이터 스토리지 암호화 적용 | N1: DB 엔진 버전 | O1: DB Port | P1: 백업 보관일(백업시간)
A2: lms-dev-myd-ats-test | B2: Master | C2: running | D2: lms-dev-myd-ats-test-001-4am7 | E2: G3 - [Standard]2vCPU, 8GB Mem | F2: lms-dev-vpc-01 | G2: lms-dev-sub-prv-test-01 | H2: db-37a9b8-kr1.vpc-cdb.gov-ntruss.com | J2: 2026-01-30 오전 10:03 (UTC+09:00) | K2: CB1 | L2: 3GB | M2: N | N2: MYSQL8.4.6 | O2: 3306 | P2: 1일(07:30)
A3: lms-dev-myd-ats-test | B3: Standby Master | C3: running | D3: lms-dev-myd-ats-test-002-4am8 | E3: G3 - [Standard]2vCPU, 8GB Mem | F3: lms-dev-vpc-01 | G3: lms-dev-sub-prv-test-01 | J3: 2026-01-30 오전 10:03 (UTC+09:00) | K3: CB1 | L3: 3GB | M3: N | N3: MYSQL8.4.6 | O3: 3306 | P3: 1일(07:30)
A4: lms-prd-myd-math-2026 | B4: Master | C4: running | D4: lms-prd-myd-ma-2026-001-49jv | E4: G3 - [Standard]2vCPU, 8GB Mem | F4: lms-prd-vpc-01 | G4: lms-prd-sub-prv-db-05 | H4: db-377mgu-kr1.vpc-cdb.gov-ntruss.com | J4: 2026-01-19 오후 1:34 (UTC+09:00) | K4: CB1 | L4: 26GB | M4: N | N4: MYSQL8.4.6 | O4: 3306 | P4: 7일(00:00)
A5: lms-prd-myd-math-2026 | B5: Standby Master | C5: running | D5: lms-prd-myd-ma-2026-002-49jw | E5: G3 - [Standard]2vCPU, 8GB Mem | F5: lms-prd-vpc-01 | G5: lms-prd-sub-prv-db-05 | J5: 2026-01-19 오후 1:34 (UTC+09:00) | K5: CB1 | L5: 19GB | M5: N | N5: MYSQL8.4.6 | O5: 3306 | P5: 7일(00:00)
A6: lms-prd-myd-eng-2026 | B6: Master | C6: running | D6: lms-prd-myd-eng-2026-001-49iz | E6: G3 - [Standard]2vCPU, 8GB Mem | F6: lms-prd-vpc-01 | G6: lms-prd-sub-prv-db-06 | H6: db-377kt1-kr1.vpc-cdb.gov-ntruss.com | J6: 2026-01-19 오전 9:36 (UTC+09:00) | K6: CB1 | L6: 26GB | M6: N | N6: MYSQL8.4.6 | O6: 3306 | P6: 7일(00:00)
A7: lms-prd-myd-eng-2026 | B7: Standby Master | C7: running | D7: lms-prd-myd-eng-2026-002-49j0 | E7: G3 - [Standard]2vCPU, 8GB Mem | F7: lms-prd-vpc-01 | G7: lms-prd-sub-prv-db-06 | J7: 2026-01-19 오전 9:36 (UTC+09:00) | K7: CB1 | L7: 20GB | M7: N | N7: MYSQL8.4.6 | O7: 3306 | P7: 7일(00:00)
A8: lms-stg-myd-math-2026 | B8: Stand Alone | C8: running | D8: lms-stg-myd-ma-2026-001-49iv | E8: G3 - [Standard]2vCPU, 8GB Mem | F8: lms-stg-vpc-01 | G8: lms-stg-sub-prv-myd-lm-01 | H8: db-377krf-kr1.vpc-cdb.gov-ntruss.com | J8: 2026-01-19 오전 9:31 (UTC+09:00) | K8: CB1 | L8: 20GB | M8: N | N8: MYSQL8.4.6 | O8: 3306 | P8: 3일(00:30)
A9: lms-stg-myd-eng-2026 | B9: Stand Alone | C9: running | D9: lms-stg-myd-eng-2026-001-49ib | E9: G3 - [Standard]2vCPU, 8GB Mem | F9: lms-stg-vpc-01 | G9: lms-stg-sub-prv-myd-lm-02 | H9: db-377kpt-kr1.vpc-cdb.gov-ntruss.com | J9: 2026-01-19 오전 9:27 (UTC+09:00) | K9: CB1 | L9: 19GB | M9: N | N9: MYSQL8.4.6 | O9: 3306 | P9: 3일(00:30)
A10: lms-dev-myd-2026-201 | B10: Stand Alone | C10: running | D10: lms-dev-myd-2026-201-001-48vw | E10: G3 - [Standard]2vCPU, 8GB Mem | F10: lms-dev-vpc-01 | G10: lms-dev-sub-prv-myd-201 | H10: db-376cv4-kr1.vpc-cdb.gov-ntruss.com | J10: 2026-01-12 오전 9:39 (UTC+09:00) | K10: CB1 | L10: 30GB | M10: N | N10: MYSQL8.4.6 | O10: 3306 | P10: 3일(00:30)
A11: lms-prd-myd-math-w-1 | B11: Stand Alone | C11: running | D11: lms-prd-myd-math-w-1-001-44v9 | E11: G3 - [Standard]2vCPU, 8GB Mem | F11: lms-prd-vpc-01 | G11: lms-prd-sub-prv-myd-lw-01 | H11: db-367kf0-kr1.vpc-cdb.gov-ntruss.com | J11: 2025-12-08 오후 1:34 (UTC+09:00) | K11: CB1 | L11: 19GB | M11: N | N11: MYSQL8.0.42 | O11: 3306 | P11: 1일(09:45)
A12: lms-prd-myd-eng-w-01 | B12: Stand Alone | C12: running | D12: lms-prd-myd-eng-w-01-001-44v7 | E12: G3 - [Standard]2vCPU, 8GB Mem | F12: lms-prd-vpc-01 | G12: lms-prd-sub-prv-myd-lm-01 | H12: db-367kcq-kr1.vpc-cdb.gov-ntruss.com | J12: 2025-12-08 오후 1:33 (UTC+09:00) | K12: CB1 | L12: 18GB | M12: N | N12: MYSQL8.0.42 | O12: 3306 | P12: 1일(12:00)
A13: lms-dev-myd-eng-01 | B13: Stand Alone | C13: running | D13: lms-dev-myd-eng-01-001-3ym8 | E13: G3 - [Standard]2vCPU, 8GB Mem | F13: lms-dev-vpc-01 | G13: lms-dev-sub-prv-myd-lw-01 | H13: db-33prej-kr1.vpc-cdb.gov-ntruss.com | J13: 2025-10-24 오후 3:02 (UTC+09:00) | K13: CB1 | L13: 8GB | M13: N | N13: MYSQL8.0.42 | O13: 3306 | P13: 7일(02:00)
A14: lms-dev-myd-math-01 | B14: Stand Alone | C14: running | D14: lms-dev-myd-math-01-001-3ym4 | E14: G3 - [Standard]2vCPU, 8GB Mem | F14: lms-dev-vpc-01 | G14: lms-dev-sub-prv-myd-lm-01 | H14: db-33prct-kr1.vpc-cdb.gov-ntruss.com | J14: 2025-10-24 오후 3:01 (UTC+09:00) | K14: CB1 | L14: 10GB | M14: N | N14: MYSQL8.0.42 | O14: 3306 | P14: 7일(02:00)
A15: lms-prd-myd-lrs-01 | B15: Master | C15: running | D15: lms-prd-myd-lrs-01-001-3ryk | E15: G3 - [Standard]8vCPU, 32GB Mem | F15: lms-prd-vpc-01 | G15: lms-prd-sub-prv-pgd-lrs-01 | H15: db-31q82v-kr1.vpc-cdb.gov-ntruss.com | J15: 2025-09-10 오후 3:15 (UTC+09:00) | K15: CB1 | L15: 134GB | M15: N | N15: MYSQL8.0.42 | O15: 3306 | P15: 7일(00:00)
A16: lms-prd-myd-lrs-01 | B16: Standby Master | C16: running | D16: lms-prd-myd-lrs-01-002-3uh7 | E16: G3 - [Standard]8vCPU, 32GB Mem | F16: lms-prd-vpc-01 | G16: lms-prd-sub-prv-pgd-lrs-01 | J16: 2025-09-21 오전 4:24 (UTC+09:00) | K16: CB1 | L16: 134GB | M16: N | N16: MYSQL8.0.42 | O16: 3306 | P16: 7일(00:00)
A17: stt-prd-myd-001 | B17: Master | C17: running | D17: stt-prd-myd-001-001-3p5d | E17: G3 - [Standard]2vCPU, 8GB Mem | F17: stt-prd-vpc-01 | G17: stt-prd-sub-prv-myd-01 | H17: db-31d308-kr1.vpc-cdb.gov-ntruss.com | J17: 2025-08-22 오후 2:08 (UTC+09:00) | K17: CB1 | L17: 3GB | M17: N | N17: MYSQL8.0.42 | O17: 3306 | P17: 14일(02:00)
A18: stt-prd-myd-001 | B18: Standby Master | C18: running | D18: stt-prd-myd-001-002-3p5e | E18: G3 - [Standard]2vCPU, 8GB Mem | F18: stt-prd-vpc-01 | G18: stt-prd-sub-prv-myd-01 | J18: 2025-08-22 오후 2:08 (UTC+09:00) | K18: CB1 | L18: 3GB | M18: N | N18: MYSQL8.0.42 | O18: 3306 | P18: 14일(02:00)
A19: stt-prd-myd-001 | B19: Slave | C19: running | D19: stt-prd-myd-001-003-3pgn | E19: G3 - [Standard]2vCPU, 8GB Mem | F19: stt-prd-vpc-01 | G19: stt-prd-sub-prv-myd-01 | H19: db-31f3a6-kr1.vpc-cdb.gov-ntruss.com | J19: 2025-08-25 오후 1:27 (UTC+09:00) | K19: CB1 | L19: 3GB | M19: N | N19: MYSQL8.0.42 | O19: 3306 | P19: 14일(02:00)
A20: portal-prd-myd-03 | B20: Stand Alone | C20: running | D20: portal-prd-myd-03-001-3m2y | E20: G3 - [Standard]2vCPU, 8GB Mem | F20: lms-prd-vpc-01 | G20: lms-prd-sub-prv-myd-portal-01 | H20: db-31acmo-kr1.vpc-cdb.gov-ntruss.com | J20: 2025-08-07 오전 11:06 (UTC+09:00) | K20: CB1 | L20: 9GB | M20: N | N20: MYSQL8.0.42 | O20: 3306 | P20: 7일(02:00)
A21: portal-prd-myd-02 | B21: Stand Alone | C21: running | D21: portal-prd-myd-02-001-3m2x | E21: G3 - [Standard]2vCPU, 8GB Mem | F21: lms-prd-vpc-01 | G21: lms-prd-sub-prv-myd-portal-01 | H21: db-31acmi-kr1.vpc-cdb.gov-ntruss.com | J21: 2025-08-07 오전 11:05 (UTC+09:00) | K21: CB1 | L21: 9GB | M21: N | N21: MYSQL8.0.42 | O21: 3306 | P21: 7일(02:00)
A22: portal-prd-myd-01 | B22: Stand Alone | C22: running | D22: portal-prd-myd-01-001-3m2w | E22: G3 - [Standard]2vCPU, 8GB Mem | F22: lms-prd-vpc-01 | G22: lms-prd-sub-prv-myd-portal-01 | H22: db-31acmb-kr1.vpc-cdb.gov-ntruss.com | J22: 2025-08-07 오전 11:04 (UTC+09:00) | K22: CB1 | L22: 9GB | M22: N | N22: MYSQL8.0.42 | O22: 3306 | P22: 7일(02:00)
A23: portal-dev-myd-01 | B23: Stand Alone | C23: running | D23: portal-dev-myd-01-001-3l8k | E23: G3 - [Standard]2vCPU, 8GB Mem | F23: lms-dev-vpc-01 | G23: lms-dev-sub-prv-myd-portal-01 | H23: db-319kn7-kr1.vpc-cdb.gov-ntruss.com | J23: 2025-08-01 오후 12:13 (UTC+09:00) | K23: CB1 | L23: 9GB | M23: N | N23: MYSQL8.0.42 | O23: 3306 | P23: 7일(02:00)
A24: lms-stg-myd-lrs-01 | B24: Stand Alone | C24: running | D24: lms-stg-myd-lrs-01-001-3l1z | E24: G3 - [Standard]2vCPU, 8GB Mem | F24: lms-stg-vpc-01 | G24: lms-stg-sub-prv-lrs-db-20 | H24: db-319f2o-kr1.vpc-cdb.gov-ntruss.com | J24: 2025-07-31 오전 10:00 (UTC+09:00) | K24: CB1 | L24: 251GB | M24: N | N24: MYSQL8.0.42 | O24: 3306 | P24: 7일(02:00)
A25: lms-comm-ncp-01 | B25: Master | C25: running | D25: lms-comm-ncp-01-003-3xfe | E25: G2 - [Standard]2vCPU, 8GB Mem | F25: lms-comm-vpc-01 | G25: lms-comm-sub-prv-ncpdb-01 | H25: db-31931d-kr1.vpc-cdb.gov-ntruss.com | J25: 2025-10-18 오후 8:07 (UTC+09:00) | K25: SSD | L25: 9GB | M25: N | N25: MYSQL8.0.42 | O25: 3306 | P25: 1일(11:45)
A26: lms-comm-ncp-01 | B26: Standby Master | C26: running | D26: lms-comm-ncp-01-004-3xfg | E26: G2 - [Standard]2vCPU, 8GB Mem | F26: lms-comm-vpc-01 | G26: lms-comm-sub-prv-ncpdb-01 | J26: 2025-10-18 오후 8:27 (UTC+09:00) | K26: SSD | L26: 9GB | M26: N | N26: MYSQL8.0.42 | O26: 3306 | P26: 1일(11:45)
A27: lms-stg-etb-03 | B27: Master | C27: running | D27: lms-stg-etb-03-001-3f07 | E27: G3 - [Standard]2vCPU, 8GB Mem | F27: lms-stg-vpc-01 | G27: lms-stg-sub-prv-myd-etb-01 | H27: db-3124ja-kr1.vpc-cdb.gov-ntruss.com | J27: 2025-06-16 오후 2:18 (UTC+09:00) | K27: CB1 | L27: 9GB | M27: N | N27: MYSQL8.0.42 | O27: 3306 | P27: 7일(02:00)
A28: lms-stg-etb-03 | B28: Standby Master | C28: running | D28: lms-stg-etb-03-002-3f08 | E28: G3 - [Standard]2vCPU, 8GB Mem | F28: lms-stg-vpc-01 | G28: lms-stg-sub-prv-myd-etb-01 | J28: 2025-06-16 오후 2:18 (UTC+09:00) | K28: CB1 | L28: 9GB | M28: N | N28: MYSQL8.0.42 | O28: 3306 | P28: 7일(02:00)
A29: lms-stg-csb-03 | B29: Master | C29: running | D29: lms-stg-csb-03-001-3f05 | E29: G3 - [Standard]2vCPU, 8GB Mem | F29: lms-stg-vpc-01 | G29: lms-stg-sub-prv-csb-01 | H29: db-3124it-kr1.vpc-cdb.gov-ntruss.com | J29: 2025-06-16 오후 2:17 (UTC+09:00) | K29: CB1 | L29: 9GB | M29: N | N29: MYSQL8.0.42 | O29: 3306 | P29: 7일(02:00)
A30: lms-stg-csb-03 | B30: Standby Master | C30: running | D30: lms-stg-csb-03-002-3f06 | E30: G3 - [Standard]2vCPU, 8GB Mem | F30: lms-stg-vpc-01 | G30: lms-stg-sub-prv-csb-01 | J30: 2025-06-16 오후 2:17 (UTC+09:00) | K30: CB1 | L30: 9GB | M30: N | N30: MYSQL8.0.42 | O30: 3306 | P30: 7일(02:00)
A31: lms-stg-etb-02 | B31: Master | C31: running | D31: lms-stg-etb-02-003-3ub0 | E31: G2 - [Standard]2vCPU, 8GB Mem | F31: lms-stg-vpc-01 | G31: lms-stg-sub-prv-myd-etb-01 | H31: db-30vr5l-kr1.vpc-cdb.gov-ntruss.com | J31: 2025-09-20 오후 1:11 (UTC+09:00) | K31: SSD | L31: 9GB | M31: N | N31: MYSQL8.0.42 | O31: 3306 | P31: 7일(05:15)
A32: lms-stg-etb-02 | B32: Standby Master | C32: running | D32: lms-stg-etb-02-004-3ub5 | E32: G2 - [Standard]2vCPU, 8GB Mem | F32: lms-stg-vpc-01 | G32: lms-stg-sub-prv-myd-etb-01 | J32: 2025-09-20 오후 1:42 (UTC+09:00) | K32: SSD | L32: 9GB | M32: N | N32: MYSQL8.0.42 | O32: 3306 | P32: 7일(05:15)
A33: lms-stg-csb-02 | B33: Master | C33: running | D33: lms-stg-csb-02-005-44zu | E33: G2 - [Standard]2vCPU, 8GB Mem | F33: lms-stg-vpc-01 | G33: lms-stg-sub-prv-csb-01 | H33: db-30vr47-kr1.vpc-cdb.gov-ntruss.com | J33: 2025-12-09 오후 4:07 (UTC+09:00) | K33: SSD | L33: 9GB | M33: N | N33: MYSQL8.0.42 | O33: 3306 | P33: 7일(02:00)
A34: lms-stg-csb-02 | B34: Standby Master | C34: running | D34: lms-stg-csb-02-006-4500 | E34: G2 - [Standard]2vCPU, 8GB Mem | F34: lms-stg-vpc-01 | G34: lms-stg-sub-prv-csb-01 | J34: 2025-12-09 오후 4:26 (UTC+09:00) | K34: SSD | L34: 9GB | M34: N | N34: MYSQL8.0.42 | O34: 3306 | P34: 7일(02:00)
A35: lms-prd-etb-web-01 | B35: Master | C35: running | D35: lms-prd-etb-w-01-003-3xc5 | E35: G2 - [Standard]2vCPU, 8GB Mem | F35: lms-prd-vpc-01 | G35: lms-prd-sub-prv-myd-etb-01 | H35: db-30k3cf-kr1.vpc-cdb.gov-ntruss.com | J35: 2025-10-17 오후 10:36 (UTC+09:00) | K35: SSD | L35: 9GB | M35: N | N35: MYSQL8.0.42 | O35: 3306 | P35: 7일(02:00)
A36: lms-prd-etb-web-01 | B36: Standby Master | C36: running | D36: lms-prd-etb-w-01-004-3xce | E36: G2 - [Standard]2vCPU, 8GB Mem | F36: lms-prd-vpc-01 | G36: lms-prd-sub-prv-myd-etb-01 | J36: 2025-10-17 오후 10:56 (UTC+09:00) | K36: SSD | L36: 9GB | M36: N | N36: MYSQL8.0.42 | O36: 3306 | P36: 7일(02:00)
A37: lms-prd-csb-w-01 | B37: Master | C37: running | D37: lms-prd-csb-w-01-003-3lds | E37: G2 - [Standard]8vCPU, 32GB Mem | F37: lms-prd-vpc-01 | G37: lms-prd-sub-prv-csb-01 | H37: db-30jak8-kr1.vpc-cdb.gov-ntruss.com | J37: 2025-08-02 오전 11:13 (UTC+09:00) | K37: SSD | L37: 9GB | M37: N | N37: MYSQL8.0.42 | O37: 3306 | P37: 7일(02:00)
A38: lms-prd-csb-w-01 | B38: Standby Master | C38: running | D38: lms-prd-csb-w-01-004-3le4 | E38: G2 - [Standard]8vCPU, 32GB Mem | F38: lms-prd-vpc-01 | G38: lms-prd-sub-prv-csb-01 | J38: 2025-08-02 오전 11:40 (UTC+09:00) | K38: SSD | L38: 9GB | M38: N | N38: MYSQL8.0.42 | O38: 3306 | P38: 7일(02:00)
A39: lms-dev-myd-ats-01 | B39: Stand Alone | C39: running | D39: lms-dev-myd-ats-01-002-3wre | E39: G2 - [Standard]2vCPU, 8GB Mem | F39: lms-dev-vpc-01 | G39: lms-dev-sub-prv-ats-01 | H39: db-30g782-kr1.vpc-cdb.gov-ntruss.com | J39: 2025-10-14 오후 9:54 (UTC+09:00) | K39: SSD | L39: 9GB | M39: N | N39: MYSQL8.0.42 | O39: 3306 | P39: 3일(07:15)
A40: lms-prd-myd-mae34p1083-lm | B40: Master | C40: running | D40: lms-prd-myd-024-lm-005-3uia | E40: G2 - [Standard]16vCPU, 64GB Mem | F40: lms-prd-vpc-01 | G40: lms-prd-sub-prv-myd-lm-08 | H40: db-30fm83-kr1.vpc-cdb.gov-ntruss.com | J40: 2025-09-21 오전 9:10 (UTC+09:00) | K40: SSD | L40: 40GB | M40: N | N40: MYSQL8.0.42 | O40: 3306 | P40: 7일(02:00)
A41: lms-prd-myd-mae34p1083-lm | B41: Standby Master | C41: running | D41: lms-prd-myd-024-lm-006-3ujj | E41: G2 - [Standard]16vCPU, 64GB Mem | F41: lms-prd-vpc-01 | G41: lms-prd-sub-prv-myd-lm-08 | J41: 2025-09-21 오전 9:49 (UTC+09:00) | K41: SSD | L41: 40GB | M41: N | N41: MYSQL8.0.42 | O41: 3306 | P41: 7일(02:00)
A42: lms-prd-myd-mae34h1093-lw | B42: Master | C42: running | D42: lms-prd-myd-026-lw-005-3ui9 | E42: G2 - [Standard]16vCPU, 64GB Mem | F42: lms-prd-vpc-01 | G42: lms-prd-sub-prv-myd-lw-09 | H42: db-30fla9-kr1.vpc-cdb.gov-ntruss.com | J42: 2025-09-21 오전 9:10 (UTC+09:00) | K42: SSD | L42: 13GB | M42: N | N42: MYSQL8.0.42 | O42: 3306 | P42: 7일(02:00)
A43: lms-prd-myd-mae34h1093-lw | B43: Standby Master | C43: running | D43: lms-prd-myd-026-lw-006-3uji | E43: G2 - [Standard]16vCPU, 64GB Mem | F43: lms-prd-vpc-01 | G43: lms-prd-sub-prv-myd-lw-09 | J43: 2025-09-21 오전 9:49 (UTC+09:00) | K43: SSD | L43: 12GB | M43: N | N43: MYSQL8.0.42 | O43: 3306 | P43: 7일(02:00)
A44: lms-prd-myd-mae34h1092-lw | B44: Master | C44: running | D44: lms-prd-myd-025-lw-005-3xbe | E44: G2 - [Standard]16vCPU, 64GB Mem | F44: lms-prd-vpc-01 | G44: lms-prd-sub-prv-myd-lw-09 | H44: db-30fl9k-kr1.vpc-cdb.gov-ntruss.com | J44: 2025-10-17 오후 9:43 (UTC+09:00) | K44: SSD | L44: 13GB | M44: N | N44: MYSQL8.0.42 | O44: 3306 | P44: 7일(02:00)
A45: lms-prd-myd-mae34h1092-lw | B45: Standby Master | C45: running | D45: lms-prd-myd-025-lw-006-3xbs | E45: G2 - [Standard]16vCPU, 64GB Mem | F45: lms-prd-vpc-01 | G45: lms-prd-sub-prv-myd-lw-09 | J45: 2025-10-17 오후 10:07 (UTC+09:00) | K45: SSD | L45: 12GB | M45: N | N45: MYSQL8.0.42 | O45: 3306 | P45: 7일(02:00)
A46: lms-prd-myd-mae34p1083-lw | B46: Master | C46: running | D46: lms-prd-myd-024-lw-006-3xbt | E46: G2 - [Standard]16vCPU, 64GB Mem | F46: lms-prd-vpc-01 | G46: lms-prd-sub-prv-myd-lw-08 | H46: db-30fl4s-kr1.vpc-cdb.gov-ntruss.com | J46: 2025-10-17 오후 10:08 (UTC+09:00) | K46: SSD | L46: 14GB | M46: N | N46: MYSQL8.0.42 | O46: 3306 | P46: 7일(02:00)
A47: lms-prd-myd-mae34p1083-lw | B47: Standby Master | C47: running | D47: lms-prd-myd-024-lw-005-3xbg | E47: G2 - [Standard]16vCPU, 64GB Mem | F47: lms-prd-vpc-01 | G47: lms-prd-sub-prv-myd-lw-08 | J47: 2025-10-17 오후 9:43 (UTC+09:00) | K47: SSD | L47: 13GB | M47: N | N47: MYSQL8.0.42 | O47: 3306 | P47: 7일(02:00)
A48: lms-prd-myd-mae34p1082-lw | B48: Master | C48: running | D48: lms-prd-myd-023-lw-006-3xbu | E48: G2 - [Standard]16vCPU, 64GB Mem | F48: lms-prd-vpc-01 | G48: lms-prd-sub-prv-myd-lw-08 | H48: db-30fl47-kr1.vpc-cdb.gov-ntruss.com | J48: 2025-10-17 오후 10:08 (UTC+09:00) | K48: SSD | L48: 13GB | M48: N | N48: MYSQL8.0.42 | O48: 3306 | P48: 7일(02:00)
A49: lms-prd-myd-mae34p1082-lw | B49: Standby Master | C49: running | D49: lms-prd-myd-023-lw-005-3xbh | E49: G2 - [Standard]16vCPU, 64GB Mem | F49: lms-prd-vpc-01 | G49: lms-prd-sub-prv-myd-lw-08 | J49: 2025-10-17 오후 9:44 (UTC+09:00) | K49: SSD | L49: 12GB | M49: N | N49: MYSQL8.0.42 | O49: 3306 | P49: 7일(02:00)
A50: lms-prd-myd-mae34h1093-lm | B50: Master | C50: running | D50: lms-prd-myd-026-lm-005-42ab | E50: G2 - [Standard]16vCPU, 64GB Mem | F50: lms-prd-vpc-01 | G50: lms-prd-sub-prv-myd-lm-09 | H50: db-30fl3g-kr1.vpc-cdb.gov-ntruss.com | J50: 2025-11-15 오후 10:58 (UTC+09:00) | K50: SSD | L50: 32GB | M50: N | N50: MYSQL8.0.42 | O50: 3306 | P50: 7일(02:00)
A51: lms-prd-myd-mae34h1093-lm | B51: Standby Master | C51: running | D51: lms-prd-myd-026-lm-006-42an | E51: G2 - [Standard]16vCPU, 64GB Mem | F51: lms-prd-vpc-01 | G51: lms-prd-sub-prv-myd-lm-09 | J51: 2025-11-15 오후 11:38 (UTC+09:00) | K51: SSD | L51: 32GB | M51: N | N51: MYSQL8.0.42 | O51: 3306 | P51: 7일(02:00)
A52: lms-prd-myd-mae34h1092-lm | B52: Master | C52: running | D52: lms-prd-myd-025-lm-005-3xbf | E52: G2 - [Standard]16vCPU, 64GB Mem | F52: lms-prd-vpc-01 | G52: lms-prd-sub-prv-myd-lm-09 | H52: db-30fl2n-kr1.vpc-cdb.gov-ntruss.com | J52: 2025-10-17 오후 9:43 (UTC+09:00) | K52: SSD | L52: 31GB | M52: N | N52: MYSQL8.0.42 | O52: 3306 | P52: 7일(02:00)
A53: lms-prd-myd-mae34h1092-lm | B53: Standby Master | C53: running | D53: lms-prd-myd-025-lm-006-3xbr | E53: G2 - [Standard]16vCPU, 64GB Mem | F53: lms-prd-vpc-01 | G53: lms-prd-sub-prv-myd-lm-09 | J53: 2025-10-17 오후 10:07 (UTC+09:00) | K53: SSD | L53: 30GB | M53: N | N53: MYSQL8.0.42 | O53: 3306 | P53: 7일(02:00)
A54: lms-prd-myd-mae34p1082-lm | B54: Master | C54: running | D54: lms-prd-myd-023-lm-005-3uib | E54: G2 - [Standard]16vCPU, 64GB Mem | F54: lms-prd-vpc-01 | G54: lms-prd-sub-prv-myd-lm-08 | H54: db-30fl0u-kr1.vpc-cdb.gov-ntruss.com | J54: 2025-09-21 오전 9:11 (UTC+09:00) | K54: SSD | L54: 37GB | M54: N | N54: MYSQL8.0.42 | O54: 3306 | P54: 7일(02:00)
A55: lms-prd-myd-mae34p1082-lm | B55: Standby Master | C55: running | D55: lms-prd-myd-023-lm-006-3ujk | E55: G2 - [Standard]16vCPU, 64GB Mem | F55: lms-prd-vpc-01 | G55: lms-prd-sub-prv-myd-lm-08 | J55: 2025-09-21 오전 9:49 (UTC+09:00) | K55: SSD | L55: 37GB | M55: N | N55: MYSQL8.0.42 | O55: 3306 | P55: 7일(02:00)
A56: lms-prd-view-01 | B56: Master | C56: running | D56: lms-prd-view-01-004-3x9f | E56: G2 - [Standard]2vCPU, 8GB Mem | F56: lms-prd-vpc-01 | G56: lms-prd-sub-prv-myd-view-01 | H56: db-30csst-kr1.vpc-cdb.gov-ntruss.com | J56: 2025-10-17 오후 8:07 (UTC+09:00) | K56: SSD | L56: 9GB | M56: N | N56: MYSQL8.0.42 | O56: 3306 | P56: 7일(02:00)
A57: lms-prd-view-01 | B57: Standby Master | C57: running | D57: lms-prd-view-01-003-3x8e | E57: G2 - [Standard]2vCPU, 8GB Mem | F57: lms-prd-vpc-01 | G57: lms-prd-sub-prv-myd-view-01 | J57: 2025-10-17 오후 7:28 (UTC+09:00) | K57: SSD | L57: 9GB | M57: N | N57: MYSQL8.0.42 | O57: 3306 | P57: 7일(02:00)
A58: lms-prd-myd-mah01h3131-lw | B58: Master | C58: running | D58: lms-prd-myd-022-lw-006-3xbv | E58: G2 - [Standard]16vCPU, 64GB Mem | F58: lms-prd-vpc-01 | G58: lms-prd-sub-prv-myd-lw-13 | H58: db-308usp-kr1.vpc-cdb.gov-ntruss.com | J58: 2025-10-17 오후 10:09 (UTC+09:00) | K58: SSD | L58: 9GB | M58: N | N58: MYSQL8.0.42 | O58: 3306 | P58: 7일(02:00)
A59: lms-prd-myd-mah01h3131-lw | B59: Standby Master | C59: running | D59: lms-prd-myd-022-lw-005-3xbi | E59: G2 - [Standard]16vCPU, 64GB Mem | F59: lms-prd-vpc-01 | G59: lms-prd-sub-prv-myd-lw-13 | J59: 2025-10-17 오후 9:44 (UTC+09:00) | K59: SSD | L59: 9GB | M59: N | N59: MYSQL8.0.42 | O59: 3306 | P59: 7일(02:00)
A60: lms-prd-myd-mah01j1121-lw | B60: Master | C60: running | D60: lms-prd-myd-021-lw-006-3xbw | E60: G2 - [Standard]16vCPU, 64GB Mem | F60: lms-prd-vpc-01 | G60: lms-prd-sub-prv-myd-lw-12 | H60: db-308us7-kr1.vpc-cdb.gov-ntruss.com | J60: 2025-10-17 오후 10:09 (UTC+09:00) | K60: SSD | L60: 9GB | M60: N | N60: MYSQL8.0.42 | O60: 3306 | P60: 7일(02:00)
A61: lms-prd-myd-mah01j1121-lw | B61: Standby Master | C61: running | D61: lms-prd-myd-021-lw-005-3xbj | E61: G2 - [Standard]16vCPU, 64GB Mem | F61: lms-prd-vpc-01 | G61: lms-prd-sub-prv-myd-lw-12 | J61: 2025-10-17 오후 9:44 (UTC+09:00) | K61: SSD | L61: 9GB | M61: N | N61: MYSQL8.0.42 | O61: 3306 | P61: 7일(02:00)
A62: lms-prd-myd-mae34h1091-lw | B62: Master | C62: running | D62: lms-prd-myd-020-lw-005-3uie | E62: G2 - [Standard]16vCPU, 64GB Mem | F62: lms-prd-vpc-01 | G62: lms-prd-sub-prv-myd-lw-09 | H62: db-308urd-kr1.vpc-cdb.gov-ntruss.com | J62: 2025-09-21 오전 9:11 (UTC+09:00) | K62: SSD | L62: 15GB | M62: N | N62: MYSQL8.0.42 | O62: 3306 | P62: 7일(02:00)
A63: lms-prd-myd-mae34h1091-lw | B63: Standby Master | C63: running | D63: lms-prd-myd-020-lw-006-3ujn | E63: G2 - [Standard]16vCPU, 64GB Mem | F63: lms-prd-vpc-01 | G63: lms-prd-sub-prv-myd-lw-09 | J63: 2025-09-21 오전 9:50 (UTC+09:00) | K63: SSD | L63: 15GB | M63: N | N63: MYSQL8.0.42 | O63: 3306 | P63: 7일(02:00)
A64: lms-prd-myd-mae34p1081-lw | B64: Master | C64: running | D64: lms-prd-myd-019-lw-005-3uii | E64: G2 - [Standard]16vCPU, 64GB Mem | F64: lms-prd-vpc-01 | G64: lms-prd-sub-prv-myd-lw-08 | H64: db-308uq8-kr1.vpc-cdb.gov-ntruss.com | J64: 2025-09-21 오전 9:13 (UTC+09:00) | K64: SSD | L64: 17GB | M64: N | N64: MYSQL8.0.42 | O64: 3306 | P64: 7일(02:00)
A65: lms-prd-myd-mae34p1081-lw | B65: Standby Master | C65: running | D65: lms-prd-myd-019-lw-006-3ujr | E65: G2 - [Standard]16vCPU, 64GB Mem | F65: lms-prd-vpc-01 | G65: lms-prd-sub-prv-myd-lw-08 | J65: 2025-09-21 오전 9:51 (UTC+09:00) | K65: SSD | L65: 17GB | M65: N | N65: MYSQL8.0.42 | O65: 3306 | P65: 7일(02:00)
A66: lms-prd-myd-enh12j2071-lw | B66: Master | C66: running | D66: lms-prd-myd-018-lw-006-3xc8 | E66: G2 - [Standard]16vCPU, 64GB Mem | F66: lms-prd-vpc-01 | G66: lms-prd-sub-prv-myd-lw-07 | H66: db-308upl-kr1.vpc-cdb.gov-ntruss.com | J66: 2025-10-17 오후 10:55 (UTC+09:00) | K66: SSD | L66: 9GB | M66: N | N66: MYSQL8.0.42 | O66: 3306 | P66: 7일(02:00)
A67: lms-prd-myd-enh12j2071-lw | B67: Standby Master | C67: running | D67: lms-prd-myd-018-lw-005-3xbz | E67: G2 - [Standard]16vCPU, 64GB Mem | F67: lms-prd-vpc-01 | G67: lms-prd-sub-prv-myd-lw-07 | J67: 2025-10-17 오후 10:34 (UTC+09:00) | K67: SSD | L67: 9GB | M67: N | N67: MYSQL8.0.42 | O67: 3306 | P67: 7일(02:00)
A68: lms-prd-myd-enh12k1061-lw | B68: Master | C68: running | D68: lms-prd-myd-017-lw-006-3xc9 | E68: G2 - [Standard]16vCPU, 64GB Mem | F68: lms-prd-vpc-01 | G68: lms-prd-sub-prv-myd-lw-06 | H68: db-308up5-kr1.vpc-cdb.gov-ntruss.com | J68: 2025-10-17 오후 10:55 (UTC+09:00) | K68: SSD | L68: 9GB | M68: N | N68: MYSQL8.0.42 | O68: 3306 | P68: 7일(02:00)
A69: lms-prd-myd-enh12k1061-lw | B69: Standby Master | C69: running | D69: lms-prd-myd-017-lw-005-3xc1 | E69: G2 - [Standard]16vCPU, 64GB Mem | F69: lms-prd-vpc-01 | G69: lms-prd-sub-prv-myd-lw-06 | J69: 2025-10-17 오후 10:34 (UTC+09:00) | K69: SSD | L69: 9GB | M69: N | N69: MYSQL8.0.42 | O69: 3306 | P69: 7일(02:00)
A70: lms-prd-myd-ene34h2031-lw | B70: Master | C70: running | D70: lms-prd-myd-016-lw-005-42ac | E70: G2 - [Standard]16vCPU, 64GB Mem | F70: lms-prd-vpc-01 | G70: lms-prd-sub-prv-myd-lw-03 | H70: db-308uok-kr1.vpc-cdb.gov-ntruss.com | J70: 2025-11-15 오후 10:58 (UTC+09:00) | K70: SSD | L70: 16GB | M70: N | N70: MYSQL8.0.42 | O70: 3306 | P70: 7일(02:00)
A71: lms-prd-myd-ene34h2031-lw | B71: Standby Master | C71: running | D71: lms-prd-myd-016-lw-006-42ae | E71: G2 - [Standard]16vCPU, 64GB Mem | F71: lms-prd-vpc-01 | G71: lms-prd-sub-prv-myd-lw-03 | J71: 2025-11-15 오후 11:19 (UTC+09:00) | K71: SSD | L71: 15GB | M71: N | N71: MYSQL8.0.42 | O71: 3306 | P71: 7일(02:00)
A72: lms-prd-myd-ene34k3021-lw | B72: Master | C72: running | D72: lms-prd-myd-015-lw-005-3uik | E72: G2 - [Standard]16vCPU, 64GB Mem | F72: lms-prd-vpc-01 | G72: lms-prd-sub-prv-myd-lw-02 | H72: db-308uo0-kr1.vpc-cdb.gov-ntruss.com | J72: 2025-09-21 오전 9:14 (UTC+09:00) | K72: SSD | L72: 11GB | M72: N | N72: MYSQL8.0.42 | O72: 3306 | P72: 7일(02:45)
A73: lms-prd-myd-ene34k3021-lw | B73: Standby Master | C73: running | D73: lms-prd-myd-015-lw-006-3ujt | E73: G2 - [Standard]16vCPU, 64GB Mem | F73: lms-prd-vpc-01 | G73: lms-prd-sub-prv-myd-lw-02 | J73: 2025-09-21 오전 9:51 (UTC+09:00) | K73: SSD | L73: 11GB | M73: N | N73: MYSQL8.0.42 | O73: 3306 | P73: 7일(02:45)
A74: lms-prd-myd-ene34l1011-lw | B74: Master | C74: running | D74: lms-prd-myd-014-lw-006-3xcb | E74: G2 - [Standard]16vCPU, 64GB Mem | F74: lms-prd-vpc-01 | G74: lms-prd-sub-prv-myd-lw-01 | H74: db-308unj-kr1.vpc-cdb.gov-ntruss.com | J74: 2025-10-17 오후 10:55 (UTC+09:00) | K74: SSD | L74: 9GB | M74: N | N74: MYSQL8.0.42 | O74: 3306 | P74: 7일(02:30)
A75: lms-prd-myd-ene34l1011-lw | B75: Standby Master | C75: running | D75: lms-prd-myd-014-lw-005-3xc2 | E75: G2 - [Standard]16vCPU, 64GB Mem | F75: lms-prd-vpc-01 | G75: lms-prd-sub-prv-myd-lw-01 | J75: 2025-10-17 오후 10:35 (UTC+09:00) | K75: SSD | L75: 9GB | M75: N | N75: MYSQL8.0.42 | O75: 3306 | P75: 7일(02:30)
A76: lms-prd-myd-mah01h3131-lm | B76: Master | C76: running | D76: lms-prd-myd-022-lm-005-3uic | E76: G2 - [Standard]16vCPU, 64GB Mem | F76: lms-prd-vpc-01 | G76: lms-prd-sub-prv-myd-lm-13 | H76: db-308un0-kr1.vpc-cdb.gov-ntruss.com | J76: 2025-09-21 오전 9:11 (UTC+09:00) | K76: SSD | L76: 16GB | M76: N | N76: MYSQL8.0.42 | O76: 3306 | P76: 7일(02:00)
A77: lms-prd-myd-mah01h3131-lm | B77: Standby Master | C77: running | D77: lms-prd-myd-022-lm-006-3ujl | E77: G2 - [Standard]16vCPU, 64GB Mem | F77: lms-prd-vpc-01 | G77: lms-prd-sub-prv-myd-lm-13 | J77: 2025-09-21 오전 9:50 (UTC+09:00) | K77: SSD | L77: 15GB | M77: N | N77: MYSQL8.0.42 | O77: 3306 | P77: 7일(02:00)
A78: lms-prd-myd-mah01j1121-lm | B78: Master | C78: running | D78: lms-prd-myd-021-lm-005-3uid | E78: G2 - [Standard]16vCPU, 64GB Mem | F78: lms-prd-vpc-01 | G78: lms-prd-sub-prv-myd-lm-12 | H78: db-308umd-kr1.vpc-cdb.gov-ntruss.com | J78: 2025-09-21 오전 9:11 (UTC+09:00) | K78: SSD | L78: 15GB | M78: N | N78: MYSQL8.0.42 | O78: 3306 | P78: 7일(02:00)
A79: lms-prd-myd-mah01j1121-lm | B79: Standby Master | C79: running | D79: lms-prd-myd-021-lm-006-3ujm | E79: G2 - [Standard]16vCPU, 64GB Mem | F79: lms-prd-vpc-01 | G79: lms-prd-sub-prv-myd-lm-12 | J79: 2025-09-21 오전 9:50 (UTC+09:00) | K79: SSD | L79: 14GB | M79: N | N79: MYSQL8.0.42 | O79: 3306 | P79: 7일(02:00)
A80: lms-prd-myd-mae34h1091-lm | B80: Master | C80: running | D80: lms-prd-myd-020-lm-005-3uif | E80: G2 - [Standard]16vCPU, 64GB Mem | F80: lms-prd-vpc-01 | G80: lms-prd-sub-prv-myd-lm-09 | H80: db-308ult-kr1.vpc-cdb.gov-ntruss.com | J80: 2025-09-21 오전 9:12 (UTC+09:00) | K80: SSD | L80: 65GB | M80: N | N80: MYSQL8.0.42 | O80: 3306 | P80: 7일(02:00)
A81: lms-prd-myd-mae34h1091-lm | B81: Standby Master | C81: running | D81: lms-prd-myd-020-lm-006-3ujo | E81: G2 - [Standard]16vCPU, 64GB Mem | F81: lms-prd-vpc-01 | G81: lms-prd-sub-prv-myd-lm-09 | J81: 2025-09-21 오전 9:50 (UTC+09:00) | K81: SSD | L81: 65GB | M81: N | N81: MYSQL8.0.42 | O81: 3306 | P81: 7일(02:00)
A82: lms-prd-myd-mae34p1081-lm | B82: Master | C82: running | D82: lms-prd-myd-019-lm-005-3xby | E82: G2 - [Standard]16vCPU, 64GB Mem | F82: lms-prd-vpc-01 | G82: lms-prd-sub-prv-myd-lm-08 | H82: db-308ulb-kr1.vpc-cdb.gov-ntruss.com | J82: 2025-10-17 오후 10:33 (UTC+09:00) | K82: SSD | L82: 89GB | M82: N | N82: MYSQL8.0.42 | O82: 3306 | P82: 7일(02:00)
A83: lms-prd-myd-mae34p1081-lm | B83: Standby Master | C83: running | D83: lms-prd-myd-019-lm-006-3xcg | E83: G2 - [Standard]16vCPU, 64GB Mem | F83: lms-prd-vpc-01 | G83: lms-prd-sub-prv-myd-lm-08 | J83: 2025-10-17 오후 11:04 (UTC+09:00) | K83: SSD | L83: 89GB | M83: N | N83: MYSQL8.0.42 | O83: 3306 | P83: 7일(02:00)
A84: lms-prd-myd-enh12j2071-lm | B84: Master | C84: running | D84: lms-prd-myd-018-lm-006-3xca | E84: G2 - [Standard]16vCPU, 64GB Mem | F84: lms-prd-vpc-01 | G84: lms-prd-sub-prv-myd-lm-07 | H84: db-308ukf-kr1.vpc-cdb.gov-ntruss.com | J84: 2025-10-17 오후 10:55 (UTC+09:00) | K84: SSD | L84: 11GB | M84: N | N84: MYSQL8.0.42 | O84: 3306 | P84: 7일(02:00)
A85: lms-prd-myd-enh12j2071-lm | B85: Standby Master | C85: running | D85: lms-prd-myd-018-lm-005-3xc0 | E85: G2 - [Standard]16vCPU, 64GB Mem | F85: lms-prd-vpc-01 | G85: lms-prd-sub-prv-myd-lm-07 | J85: 2025-10-17 오후 10:34 (UTC+09:00) | K85: SSD | L85: 11GB | M85: N | N85: MYSQL8.0.42 | O85: 3306 | P85: 7일(02:00)
A86: lms-prd-myd-enh12k1061-lm | B86: Master | C86: running | D86: lms-prd-myd-017-lm-005-42aa | E86: G2 - [Standard]16vCPU, 64GB Mem | F86: lms-prd-vpc-01 | G86: lms-prd-sub-prv-myd-lm-06 | H86: db-308ujk-kr1.vpc-cdb.gov-ntruss.com | J86: 2025-11-15 오후 10:57 (UTC+09:00) | K86: SSD | L86: 11GB | M86: N | N86: MYSQL8.0.42 | O86: 3306 | P86: 7일(02:00)
A87: lms-prd-myd-enh12k1061-lm | B87: Standby Master | C87: running | D87: lms-prd-myd-017-lm-006-42ad | E87: G2 - [Standard]16vCPU, 64GB Mem | F87: lms-prd-vpc-01 | G87: lms-prd-sub-prv-myd-lm-06 | J87: 2025-11-15 오후 11:18 (UTC+09:00) | K87: SSD | L87: 11GB | M87: N | N87: MYSQL8.0.42 | O87: 3306 | P87: 7일(02:00)
A88: lms-prd-myd-ene34h2031-lm | B88: Master | C88: running | D88: lms-prd-myd-016-lm-005-3uij | E88: G2 - [Standard]16vCPU, 64GB Mem | F88: lms-prd-vpc-01 | G88: lms-prd-sub-prv-myd-lm-03 | H88: db-308uik-kr1.vpc-cdb.gov-ntruss.com | J88: 2025-09-21 오전 9:13 (UTC+09:00) | K88: SSD | L88: 45GB | M88: N | N88: MYSQL8.0.42 | O88: 3306 | P88: 7일(02:00)
A89: lms-prd-myd-ene34h2031-lm | B89: Standby Master | C89: running | D89: lms-prd-myd-016-lm-006-3ujs | E89: G2 - [Standard]16vCPU, 64GB Mem | F89: lms-prd-vpc-01 | G89: lms-prd-sub-prv-myd-lm-03 | J89: 2025-09-21 오전 9:51 (UTC+09:00) | K89: SSD | L89: 45GB | M89: N | N89: MYSQL8.0.42 | O89: 3306 | P89: 7일(02:00)
A90: lms-prd-myd-ene34k3021-lm | B90: Master | C90: running | D90: lms-prd-myd-015-lm-005-42a8 | E90: G2 - [Standard]16vCPU, 64GB Mem | F90: lms-prd-vpc-01 | G90: lms-prd-sub-prv-myd-lm-02 | H90: db-308ugs-kr1.vpc-cdb.gov-ntruss.com | J90: 2025-11-15 오후 10:56 (UTC+09:00) | K90: SSD | L90: 24GB | M90: N | N90: MYSQL8.0.42 | O90: 3306 | P90: 7일(01:45)
A91: lms-prd-myd-ene34k3021-lm | B91: Standby Master | C91: running | D91: lms-prd-myd-015-lm-006-42al | E91: G2 - [Standard]16vCPU, 64GB Mem | F91: lms-prd-vpc-01 | G91: lms-prd-sub-prv-myd-lm-02 | J91: 2025-11-15 오후 11:37 (UTC+09:00) | K91: SSD | L91: 23GB | M91: N | N91: MYSQL8.0.42 | O91: 3306 | P91: 7일(01:45)
A92: lms-prd-myd-ene34l1011-lm | B92: Master | C92: running | D92: lms-prd-myd-014-lm-005-3uil | E92: G2 - [Standard]16vCPU, 64GB Mem | F92: lms-prd-vpc-01 | G92: lms-prd-sub-prv-myd-lm-01 | H92: db-308ufr-kr1.vpc-cdb.gov-ntruss.com | J92: 2025-09-21 오전 9:14 (UTC+09:00) | K92: SSD | L92: 15GB | M92: N | N92: MYSQL8.0.42 | O92: 3306 | P92: 7일(02:15)
A93: lms-prd-myd-ene34l1011-lm | B93: Standby Master | C93: running | D93: lms-prd-myd-014-lm-006-3uju | E93: G2 - [Standard]16vCPU, 64GB Mem | F93: lms-prd-vpc-01 | G93: lms-prd-sub-prv-myd-lm-01 | J93: 2025-09-21 오전 9:52 (UTC+09:00) | K93: SSD | L93: 14GB | M93: N | N93: MYSQL8.0.42 | O93: 3306 | P93: 7일(02:15)
A94: lms-prd-myd-admin-01 | B94: Master | C94: running | D94: lms-prd-myd-01-admin-003-3xbx | E94: G2 - [Standard]4vCPU, 16GB Mem | F94: lms-prd-vpc-01 | G94: lms-prd-sub-prv-myd-admin-01 | H94: db-307mr9-kr1.vpc-cdb.gov-ntruss.com | J94: 2025-10-17 오후 10:33 (UTC+09:00) | K94: SSD | L94: 12GB | M94: N | N94: MYSQL8.0.42 | O94: 3306 | P94: 1일(07:30)
A95: lms-prd-myd-admin-01 | B95: Standby Master | C95: running | D95: lms-prd-myd-01-admin-004-3xc7 | E95: G2 - [Standard]4vCPU, 16GB Mem | F95: lms-prd-vpc-01 | G95: lms-prd-sub-prv-myd-admin-01 | J95: 2025-10-17 오후 10:54 (UTC+09:00) | K95: SSD | L95: 12GB | M95: N | N95: MYSQL8.0.42 | O95: 3306 | P95: 1일(07:30)
A96: lms-dev-myd-admin-01 | B96: Stand Alone | C96: running | D96: lms-dev-myd-01-admin-002-3wrm | E96: G2 - [Standard]2vCPU, 8GB Mem | F96: lms-dev-vpc-01 | G96: lms-dev-sub-prv-myd-admin-01 | H96: db-302752-kr1.vpc-cdb.gov-ntruss.com | J96: 2025-10-14 오후 10:27 (UTC+09:00) | K96: SSD | L96: 9GB | M96: N | N96: MYSQL8.0.42 | O96: 3306 | P96: 1일(11:15)
A97: lms-prd-etb-01 | B97: Master | C97: running | D97: lms-prd-etb-01-003-41l6 | E97: G2 - [Standard]8vCPU, 32GB Mem | F97: lms-prd-vpc-01 | G97: lms-prd-sub-prv-myd-etb-01 | H97: db-301a63-kr1.vpc-cdb.gov-ntruss.com | J97: 2025-11-11 오후 6:04 (UTC+09:00) | K97: SSD | L97: 9GB | M97: N | N97: MYSQL8.0.42 | O97: 3306 | P97: 1일(02:00)
A98: lms-prd-etb-01 | B98: Standby Master | C98: running | D98: lms-prd-etb-01-004-41mg | E98: G2 - [Standard]8vCPU, 32GB Mem | F98: lms-prd-vpc-01 | G98: lms-prd-sub-prv-myd-etb-01 | J98: 2025-11-11 오후 6:33 (UTC+09:00) | K98: SSD | L98: 9GB | M98: N | N98: MYSQL8.0.42 | O98: 3306 | P98: 1일(02:00)
A99: lms-stg-myd-mae34h109-lm | B99: Stand Alone | C99: running | D99: lms-stg-myd-09-lm-004-3uaz | E99: G2 - [Standard]2vCPU, 8GB Mem | F99: lms-stg-vpc-01 | G99: lms-stg-sub-prv-myd-lm-09 | H99: db-300p26-kr1.vpc-cdb.gov-ntruss.com | J99: 2025-09-20 오후 1:10 (UTC+09:00) | K99: SSD | L99: 13GB | M99: N | N99: MYSQL8.0.42 | O99: 3306 | P99: 3일(02:00)
A100: lms-stg-myd-mae34h109-lw | B100: Stand Alone | C100: running | D100: lms-stg-myd-09-lw-004-3uay | E100: G2 - [Standard]2vCPU, 8GB Mem | F100: lms-stg-vpc-01 | G100: lms-stg-sub-prv-myd-lw-09 | H100: db-300p0t-kr1.vpc-cdb.gov-ntruss.com | J100: 2025-09-20 오후 1:10 (UTC+09:00) | K100: SSD | L100: 9GB | M100: N | N100: MYSQL8.0.42 | O100: 3306 | P100: 3일(02:00)
...

Sheet Sheet2
A1: DB 서비스 이름 | B1: DB Role | C1: 상태 | D1: DB Server 이름 | E1: DB Server 타입 | F1: VPC | G1: Subnet | H1: Private 도메인 | I1: Public 도메인 | J1: 생성 일시 | K1: 데이터 스토리지 타입 | L1: 데이터 스토리지 용량 | M1: 데이터 스토리지 암호화 적용 | N1: DB 엔진 버전 | O1: DB Port | P1: 백업 보관일(백업시간) | Q1: 벡업 대상 스키마 | R1: 백업경로 | S1: 백업파일명 | T1: 실행시간 | U1: 주기 | V1: 이름 | W1: 비고 | X1: 학교급 | Y1: 교과서 명 | Z1: 저자
A2: lms-dev-myd-ats-test | B2: Master | C2: running | D2: lms-dev-myd-ats-test-001-4am7 | E2: G3 - [Standard]2vCPU, 8GB Mem | F2: lms-dev-vpc-01 | G2: lms-dev-sub-prv-test-01 | H2: db-37a9b8-kr1.vpc-cdb.gov-ntruss.com | J2: 2026-01-30 오전 10:03 (UTC+09:00) | K2: CB1 | L2: 3GB | M2: N | N2: MYSQL8.4.6 | O2: 3306 | P2: 1일(07:30) | X2: =_xlfn.XLOOKUP(H2, Sheet3!$E:$E, Sheet3!$B:$B, "") | Y2: =_xlfn.XLOOKUP(H2, Sheet3!$E:$E, Sheet3!$C:$C, "") | Z2: =_xlfn.XLOOKUP(H2, Sheet3!$E:$E, Sheet3!$D:$D, "")
A3: lms-dev-myd-ats-test | B3: Standby Master | C3: running | D3: lms-dev-myd-ats-test-002-4am8 | E3: G3 - [Standard]2vCPU, 8GB Mem | F3: lms-dev-vpc-01 | G3: lms-dev-sub-prv-test-01 | J3: 2026-01-30 오전 10:03 (UTC+09:00) | K3: CB1 | L3: 3GB | M3: N | N3: MYSQL8.4.6 | O3: 3306 | P3: 1일(07:30) | X3: =_xlfn.XLOOKUP(H3, Sheet3!$E:$E, Sheet3!$B:$B, "") -> 0 | Y3: =_xlfn.XLOOKUP(H3, Sheet3!$E:$E, Sheet3!$C:$C, "") -> 0 | Z3: =_xlfn.XLOOKUP(H3, Sheet3!$E:$E, Sheet3!$D:$D, "") -> 0
A4: lms-prd-myd-math-2026 | B4: Master | C4: running | D4: lms-prd-myd-ma-2026-001-49jv | E4: G3 - [Standard]2vCPU, 8GB Mem | F4: lms-prd-vpc-01 | G4: lms-prd-sub-prv-db-05 | H4: db-377mgu-kr1.vpc-cdb.gov-ntruss.com | J4: 2026-01-19 오후 1:34 (UTC+09:00) | K4: CB1 | L4: 26GB | M4: N | N4: MYSQL8.4.6 | O4: 3306 | P4: 7일(00:00) | Q4: lms_lrw, lms_cms, lms_lrm | R4: backup/DB_DUMP/PRD2027_BK_백업날짜 | S4: PRD2026_MATH_백업날짜.sql | T4: 0.041666667 | U4: 매일 | V4: prd2026_bk.sh | X4: =_xlfn.XLOOKUP(H4, Sheet3!$E:$E, Sheet3!$B:$B, "") | Y4: =_xlfn.XLOOKUP(H4, Sheet3!$E:$E, Sheet3!$C:$C, "") | Z4: =_xlfn.XLOOKUP(H4, Sheet3!$E:$E, Sheet3!$D:$D, "")
A5: lms-prd-myd-math-2026 | B5: Standby Master | C5: running | D5: lms-prd-myd-ma-2026-002-49jw | E5: G3 - [Standard]2vCPU, 8GB Mem | F5: lms-prd-vpc-01 | G5: lms-prd-sub-prv-db-05 | J5: 2026-01-19 오후 1:34 (UTC+09:00) | K5: CB1 | L5: 19GB | M5: N | N5: MYSQL8.4.6 | O5: 3306 | P5: 7일(00:00) | X5: =_xlfn.XLOOKUP(H5, Sheet3!$E:$E, Sheet3!$B:$B, "") -> 0 | Y5: =_xlfn.XLOOKUP(H5, Sheet3!$E:$E, Sheet3!$C:$C, "") -> 0 | Z5: =_xlfn.XLOOKUP(H5, Sheet3!$E:$E, Sheet3!$D:$D, "") -> 0
A6: lms-prd-myd-eng-2026 | B6: Master | C6: running | D6: lms-prd-myd-eng-2026-001-49iz | E6: G3 - [Standard]2vCPU, 8GB Mem | F6: lms-prd-vpc-01 | G6: lms-prd-sub-prv-db-06 | H6: db-377kt1-kr1.vpc-cdb.gov-ntruss.com | J6: 2026-01-19 오전 9:36 (UTC+09:00) | K6: CB1 | L6: 26GB | M6: N | N6: MYSQL8.4.6 | O6: 3306 | P6: 7일(00:00) | Q6: lms_lrw, lms_cms, lms_lrm | R6: backup/DB_DUMP/PRD2026_BK_백업날짜 | S6: PRD2026_ENG_백업날짜.sql | T6: 0.041666667 | U6: 매일 | V6: prd2026_bk.sh | X6: =_xlfn.XLOOKUP(H6, Sheet3!$E:$E, Sheet3!$B:$B, "") | Y6: =_xlfn.XLOOKUP(H6, Sheet3!$E:$E, Sheet3!$C:$C, "") | Z6: =_xlfn.XLOOKUP(H6, Sheet3!$E:$E, Sheet3!$D:$D, "")
A7: lms-prd-myd-eng-2026 | B7: Standby Master | C7: running | D7: lms-prd-myd-eng-2026-002-49j0 | E7: G3 - [Standard]2vCPU, 8GB Mem | F7: lms-prd-vpc-01 | G7: lms-prd-sub-prv-db-06 | J7: 2026-01-19 오전 9:36 (UTC+09:00) | K7: CB1 | L7: 20GB | M7: N | N7: MYSQL8.4.6 | O7: 3306 | P7: 7일(00:00) | X7: =_xlfn.XLOOKUP(H7, Sheet3!$E:$E, Sheet3!$B:$B, "") -> 0 | Y7: =_xlfn.XLOOKUP(H7, Sheet3!$E:$E, Sheet3!$C:$C, "") -> 0 | Z7: =_xlfn.XLOOKUP(H7, Sheet3!$E:$E, Sheet3!$D:$D, "") -> 0
A8: lms-stg-myd-math-2026 | B8: Stand Alone | C8: running | D8: lms-stg-myd-ma-2026-001-49iv | E8: G3 - [Standard]2vCPU, 8GB Mem | F8: lms-stg-vpc-01 | G8: lms-stg-sub-prv-myd-lm-01 | H8: db-377krf-kr1.vpc-cdb.gov-ntruss.com | J8: 2026-01-19 오전 9:31 (UTC+09:00) | K8: CB1 | L8: 20GB | M8: N | N8: MYSQL8.4.6 | O8: 3306 | P8: 3일(00:30) | Q8: lms_cms, lms_lrm, lms_lrw | R8: /backup/DB_DUMP/STG2026 | S8: stg_2026_math_백업날짜.sql | T8: 0.083333333 | U8: 매일 | V8: stg2026_bk.sh | X8: =_xlfn.XLOOKUP(H8, Sheet3!$E:$E, Sheet3!$B:$B, "") | Y8: =_xlfn.XLOOKUP(H8, Sheet3!$E:$E, Sheet3!$C:$C, "") | Z8: =_xlfn.XLOOKUP(H8, Sheet3!$E:$E, Sheet3!$D:$D, "")
A9: lms-stg-myd-eng-2026 | B9: Stand Alone | C9: running | D9: lms-stg-myd-eng-2026-001-49ib | E9: G3 - [Standard]2vCPU, 8GB Mem | F9: lms-stg-vpc-01 | G9: lms-stg-sub-prv-myd-lm-02 | H9: db-377kpt-kr1.vpc-cdb.gov-ntruss.com | J9: 2026-01-19 오전 9:27 (UTC+09:00) | K9: CB1 | L9: 19GB | M9: N | N9: MYSQL8.4.6 | O9: 3306 | P9: 3일(00:30) | Q9: lms_cms, lms_lrm, lms_lrw | R9: /backup/DB_DUMP/STG2026 | S9: stg_2026_eng_백업날짜.sql | T9: 0.083333333 | U9: 매일 | V9: stg2026_bk.sh | X9: =_xlfn.XLOOKUP(H9, Sheet3!$E:$E, Sheet3!$B:$B, "") | Y9: =_xlfn.XLOOKUP(H9, Sheet3!$E:$E, Sheet3!$C:$C, "") | Z9: =_xlfn.XLOOKUP(H9, Sheet3!$E:$E, Sheet3!$D:$D, "")
A10: lms-dev-myd-2026-201 | B10: Stand Alone | C10: running | D10: lms-dev-myd-2026-201-001-48vw | E10: G3 - [Standard]2vCPU, 8GB Mem | F10: lms-dev-vpc-01 | G10: lms-dev-sub-prv-myd-201 | H10: db-376cv4-kr1.vpc-cdb.gov-ntruss.com | J10: 2026-01-12 오전 9:39 (UTC+09:00) | K10: CB1 | L10: 30GB | M10: N | N10: MYSQL8.4.6 | O10: 3306 | P10: 3일(00:30) | Q10: lms_cms,lms_lrm, lms_lrw | R10: /backup/DB_DUMP/DEV2026 | S10: dev_2026_dump_백업날짜.sql | T10: 0.0625 | U10: 매일 | V10: dev2026_bk.sh | X10: =_xlfn.XLOOKUP(H10, Sheet3!$E:$E, Sheet3!$B:$B, "") | Y10: =_xlfn.XLOOKUP(H10, Sheet3!$E:$E, Sheet3!$C:$C, "") | Z10: =_xlfn.XLOOKUP(H10, Sheet3!$E:$E, Sheet3!$D:$D, "")
A11: lms-prd-myd-math-w-1 | B11: Stand Alone | C11: running | D11: lms-prd-myd-math-w-1-001-44v9 | E11: G3 - [Standard]2vCPU, 8GB Mem | F11: lms-prd-vpc-01 | G11: lms-prd-sub-prv-myd-lw-01 | H11: db-367kf0-kr1.vpc-cdb.gov-ntruss.com | J11: 2025-12-08 오후 1:34 (UTC+09:00) | K11: CB1 | L11: 19GB | M11: N | N11: MYSQL8.0.42 | O11: 3306 | P11: 1일(09:45) | X11: =_xlfn.XLOOKUP(H11, Sheet3!$E:$E, Sheet3!$B:$B, "") | Y11: =_xlfn.XLOOKUP(H11, Sheet3!$E:$E, Sheet3!$C:$C, "") | Z11: =_xlfn.XLOOKUP(H11, Sheet3!$E:$E, Sheet3!$D:$D, "")
A12: lms-prd-myd-eng-w-01 | B12: Stand Alone | C12: running | D12: lms-prd-myd-eng-w-01-001-44v7 | E12: G3 - [Standard]2vCPU, 8GB Mem | F12: lms-prd-vpc-01 | G12: lms-prd-sub-prv-myd-lm-01 | H12: db-367kcq-kr1.vpc-cdb.gov-ntruss.com | J12: 2025-12-08 오후 1:33 (UTC+09:00) | K12: CB1 | L12: 18GB | M12: N | N12: MYSQL8.0.42 | O12: 3306 | P12: 1일(12:00) | X12: =_xlfn.XLOOKUP(H12, Sheet3!$E:$E, Sheet3!$B:$B, "") | Y12: =_xlfn.XLOOKUP(H12, Sheet3!$E:$E, Sheet3!$C:$C, "") | Z12: =_xlfn.XLOOKUP(H12, Sheet3!$E:$E, Sheet3!$D:$D, "")
A13: lms-dev-myd-eng-01 | B13: Stand Alone | C13: running | D13: lms-dev-myd-eng-01-001-3ym8 | E13: G3 - [Standard]2vCPU, 8GB Mem | F13: lms-dev-vpc-01 | G13: lms-dev-sub-prv-myd-lw-01 | H13: db-33prej-kr1.vpc-cdb.gov-ntruss.com | J13: 2025-10-24 오후 3:02 (UTC+09:00) | K13: CB1 | L13: 8GB | M13: N | N13: MYSQL8.0.42 | O13: 3306 | P13: 7일(02:00) | X13: =_xlfn.XLOOKUP(H13, Sheet3!$E:$E, Sheet3!$B:$B, "") | Y13: =_xlfn.XLOOKUP(H13, Sheet3!$E:$E, Sheet3!$C:$C, "") | Z13: =_xlfn.XLOOKUP(H13, Sheet3!$E:$E, Sheet3!$D:$D, "")
A14: lms-dev-myd-math-01 | B14: Stand Alone | C14: running | D14: lms-dev-myd-math-01-001-3ym4 | E14: G3 - [Standard]2vCPU, 8GB Mem | F14: lms-dev-vpc-01 | G14: lms-dev-sub-prv-myd-lm-01 | H14: db-33prct-kr1.vpc-cdb.gov-ntruss.com | J14: 2025-10-24 오후 3:01 (UTC+09:00) | K14: CB1 | L14: 10GB | M14: N | N14: MYSQL8.0.42 | O14: 3306 | P14: 7일(02:00) | X14: =_xlfn.XLOOKUP(H14, Sheet3!$E:$E, Sheet3!$B:$B, "") | Y14: =_xlfn.XLOOKUP(H14, Sheet3!$E:$E, Sheet3!$C:$C, "") | Z14: =_xlfn.XLOOKUP(H14, Sheet3!$E:$E, Sheet3!$D:$D, "")
A15: lms-prd-myd-lrs-01 | B15: Master | C15: running | D15: lms-prd-myd-lrs-01-001-3ryk | E15: G3 - [Standard]8vCPU, 32GB Mem | F15: lms-prd-vpc-01 | G15: lms-prd-sub-prv-pgd-lrs-01 | H15: db-31q82v-kr1.vpc-cdb.gov-ntruss.com | J15: 2025-09-10 오후 3:15 (UTC+09:00) | K15: CB1 | L15: 134GB | M15: N | N15: MYSQL8.0.42 | O15: 3306 | P15: 7일(00:00) | X15: =_xlfn.XLOOKUP(H15, Sheet3!$E:$E, Sheet3!$B:$B, "") | Y15: =_xlfn.XLOOKUP(H15, Sheet3!$E:$E, Sheet3!$C:$C, "") | Z15: =_xlfn.XLOOKUP(H15, Sheet3!$E:$E, Sheet3!$D:$D, "")
A16: lms-prd-myd-lrs-01 | B16: Standby Master | C16: running | D16: lms-prd-myd-lrs-01-002-3uh7 | E16: G3 - [Standard]8vCPU, 32GB Mem | F16: lms-prd-vpc-01 | G16: lms-prd-sub-prv-pgd-lrs-01 | J16: 2025-09-21 오전 4:24 (UTC+09:00) | K16: CB1 | L16: 134GB | M16: N | N16: MYSQL8.0.42 | O16: 3306 | P16: 7일(00:00) | X16: =_xlfn.XLOOKUP(H16, Sheet3!$E:$E, Sheet3!$B:$B, "") -> 0 | Y16: =_xlfn.XLOOKUP(H16, Sheet3!$E:$E, Sheet3!$C:$C, "") -> 0 | Z16: =_xlfn.XLOOKUP(H16, Sheet3!$E:$E, Sheet3!$D:$D, "") -> 0
A17: stt-prd-myd-001 | B17: Master | C17: running | D17: stt-prd-myd-001-001-3p5d | E17: G3 - [Standard]2vCPU, 8GB Mem | F17: stt-prd-vpc-01 | G17: stt-prd-sub-prv-myd-01 | H17: db-31d308-kr1.vpc-cdb.gov-ntruss.com | J17: 2025-08-22 오후 2:08 (UTC+09:00) | K17: CB1 | L17: 3GB | M17: N | N17: MYSQL8.0.42 | O17: 3306 | P17: 14일(02:00) | X17: =_xlfn.XLOOKUP(H17, Sheet3!$E:$E, Sheet3!$B:$B, "") | Y17: =_xlfn.XLOOKUP(H17, Sheet3!$E:$E, Sheet3!$C:$C, "") | Z17: =_xlfn.XLOOKUP(H17, Sheet3!$E:$E, Sheet3!$D:$D, "")
A18: stt-prd-myd-001 | B18: Standby Master | C18: running | D18: stt-prd-myd-001-002-3p5e | E18: G3 - [Standard]2vCPU, 8GB Mem | F18: stt-prd-vpc-01 | G18: stt-prd-sub-prv-myd-01 | J18: 2025-08-22 오후 2:08 (UTC+09:00) | K18: CB1 | L18: 3GB | M18: N | N18: MYSQL8.0.42 | O18: 3306 | P18: 14일(02:00) | X18: =_xlfn.XLOOKUP(H18, Sheet3!$E:$E, Sheet3!$B:$B, "") -> 0 | Y18: =_xlfn.XLOOKUP(H18, Sheet3!$E:$E, Sheet3!$C:$C, "") -> 0 | Z18: =_xlfn.XLOOKUP(H18, Sheet3!$E:$E, Sheet3!$D:$D, "") -> 0
A19: stt-prd-myd-001 | B19: Slave | C19: running | D19: stt-prd-myd-001-003-3pgn | E19: G3 - [Standard]2vCPU, 8GB Mem | F19: stt-prd-vpc-01 | G19: stt-prd-sub-prv-myd-01 | H19: db-31f3a6-kr1.vpc-cdb.gov-ntruss.com | J19: 2025-08-25 오후 1:27 (UTC+09:00) | K19: CB1 | L19: 3GB | M19: N | N19: MYSQL8.0.42 | O19: 3306 | P19: 14일(02:00) | X19: =_xlfn.XLOOKUP(H19, Sheet3!$E:$E, Sheet3!$B:$B, "") | Y19: =_xlfn.XLOOKUP(H19, Sheet3!$E:$E, Sheet3!$C:$C, "") | Z19: =_xlfn.XLOOKUP(H19, Sheet3!$E:$E, Sheet3!$D:$D, "")
A20: portal-prd-myd-03 | B20: Stand Alone | C20: running | D20: portal-prd-myd-03-001-3m2y | E20: G3 - [Standard]2vCPU, 8GB Mem | F20: lms-prd-vpc-01 | G20: lms-prd-sub-prv-myd-portal-01 | H20: db-31acmo-kr1.vpc-cdb.gov-ntruss.com | J20: 2025-08-07 오전 11:06 (UTC+09:00) | K20: CB1 | L20: 9GB | M20: N | N20: MYSQL8.0.42 | O20: 3306 | P20: 7일(02:00) | X20: =_xlfn.XLOOKUP(H20, Sheet3!$E:$E, Sheet3!$B:$B, "") | Y20: =_xlfn.XLOOKUP(H20, Sheet3!$E:$E, Sheet3!$C:$C, "") | Z20: =_xlfn.XLOOKUP(H20, Sheet3!$E:$E, Sheet3!$D:$D, "")
A21: portal-prd-myd-02 | B21: Stand Alone | C21: running | D21: portal-prd-myd-02-001-3m2x | E21: G3 - [Standard]2vCPU, 8GB Mem | F21: lms-prd-vpc-01 | G21: lms-prd-sub-prv-myd-portal-01 | H21: db-31acmi-kr1.vpc-cdb.gov-ntruss.com | J21: 2025-08-07 오전 11:05 (UTC+09:00) | K21: CB1 | L21: 9GB | M21: N | N21: MYSQL8.0.42 | O21: 3306 | P21: 7일(02:00) | X21: =_xlfn.XLOOKUP(H21, Sheet3!$E:$E, Sheet3!$B:$B, "") | Y21: =_xlfn.XLOOKUP(H21, Sheet3!$E:$E, Sheet3!$C:$C, "") | Z21: =_xlfn.XLOOKUP(H21, Sheet3!$E:$E, Sheet3!$D:$D, "")
A22: portal-prd-myd-01 | B22: Stand Alone | C22: running | D22: portal-prd-myd-01-001-3m2w | E22: G3 - [Standard]2vCPU, 8GB Mem | F22: lms-prd-vpc-01 | G22: lms-prd-sub-prv-myd-portal-01 | H22: db-31acmb-kr1.vpc-cdb.gov-ntruss.com | J22: 2025-08-07 오전 11:04 (UTC+09:00) | K22: CB1 | L22: 9GB | M22: N | N22: MYSQL8.0.42 | O22: 3306 | P22: 7일(02:00) | X22: =_xlfn.XLOOKUP(H22, Sheet3!$E:$E, Sheet3!$B:$B, "") | Y22: =_xlfn.XLOOKUP(H22, Sheet3!$E:$E, Sheet3!$C:$C, "") | Z22: =_xlfn.XLOOKUP(H22, Sheet3!$E:$E, Sheet3!$D:$D, "")
A23: portal-dev-myd-01 | B23: Stand Alone | C23: running | D23: portal-dev-myd-01-001-3l8k | E23: G3 - [Standard]2vCPU, 8GB Mem | F23: lms-dev-vpc-01 | G23: lms-dev-sub-prv-myd-portal-01 | H23: db-319kn7-kr1.vpc-cdb.gov-ntruss.com | J23: 2025-08-01 오후 12:13 (UTC+09:00) | K23: CB1 | L23: 9GB | M23: N | N23: MYSQL8.0.42 | O23: 3306 | P23: 7일(02:00) | X23: =_xlfn.XLOOKUP(H23, Sheet3!$E:$E, Sheet3!$B:$B, "") | Y23: =_xlfn.XLOOKUP(H23, Sheet3!$E:$E, Sheet3!$C:$C, "") | Z23: =_xlfn.XLOOKUP(H23, Sheet3!$E:$E, Sheet3!$D:$D, "")
A24: lms-stg-myd-lrs-01 | B24: Stand Alone | C24: running | D24: lms-stg-myd-lrs-01-001-3l1z | E24: G3 - [Standard]2vCPU, 8GB Mem | F24: lms-stg-vpc-01 | G24: lms-stg-sub-prv-lrs-db-20 | H24: db-319f2o-kr1.vpc-cdb.gov-ntruss.com | J24: 2025-07-31 오전 10:00 (UTC+09:00) | K24: CB1 | L24: 251GB | M24: N | N24: MYSQL8.0.42 | O24: 3306 | P24: 7일(02:00) | X24: =_xlfn.XLOOKUP(H24, Sheet3!$E:$E, Sheet3!$B:$B, "") | Y24: =_xlfn.XLOOKUP(H24, Sheet3!$E:$E, Sheet3!$C:$C, "") | Z24: =_xlfn.XLOOKUP(H24, Sheet3!$E:$E, Sheet3!$D:$D, "")
A25: lms-comm-ncp-01 | B25: Master | C25: running | D25: lms-comm-ncp-01-003-3xfe | E25: G2 - [Standard]2vCPU, 8GB Mem | F25: lms-comm-vpc-01 | G25: lms-comm-sub-prv-ncpdb-01 | H25: db-31931d-kr1.vpc-cdb.gov-ntruss.com | J25: 2025-10-18 오후 8:07 (UTC+09:00) | K25: SSD | L25: 9GB | M25: N | N25: MYSQL8.0.42 | O25: 3306 | P25: 1일(11:45) | X25: =_xlfn.XLOOKUP(H25, Sheet3!$E:$E, Sheet3!$B:$B, "") | Y25: =_xlfn.XLOOKUP(H25, Sheet3!$E:$E, Sheet3!$C:$C, "") | Z25: =_xlfn.XLOOKUP(H25, Sheet3!$E:$E, Sheet3!$D:$D, "")
A26: lms-comm-ncp-01 | B26: Standby Master | C26: running | D26: lms-comm-ncp-01-004-3xfg | E26: G2 - [Standard]2vCPU, 8GB Mem | F26: lms-comm-vpc-01 | G26: lms-comm-sub-prv-ncpdb-01 | J26: 2025-10-18 오후 8:27 (UTC+09:00) | K26: SSD | L26: 9GB | M26: N | N26: MYSQL8.0.42 | O26: 3306 | P26: 1일(11:45) | X26: =_xlfn.XLOOKUP(H26, Sheet3!$E:$E, Sheet3!$B:$B, "") -> 0 | Y26: =_xlfn.XLOOKUP(H26, Sheet3!$E:$E, Sheet3!$C:$C, "") -> 0 | Z26: =_xlfn.XLOOKUP(H26, Sheet3!$E:$E, Sheet3!$D:$D, "") -> 0
A27: lms-stg-etb-03 | B27: Master | C27: running | D27: lms-stg-etb-03-001-3f07 | E27: G3 - [Standard]2vCPU, 8GB Mem | F27: lms-stg-vpc-01 | G27: lms-stg-sub-prv-myd-etb-01 | H27: db-3124ja-kr1.vpc-cdb.gov-ntruss.com | J27: 2025-06-16 오후 2:18 (UTC+09:00) | K27: CB1 | L27: 9GB | M27: N | N27: MYSQL8.0.42 | O27: 3306 | P27: 7일(02:00) | X27: =_xlfn.XLOOKUP(H27, Sheet3!$E:$E, Sheet3!$B:$B, "") | Y27: =_xlfn.XLOOKUP(H27, Sheet3!$E:$E, Sheet3!$C:$C, "") | Z27: =_xlfn.XLOOKUP(H27, Sheet3!$E:$E, Sheet3!$D:$D, "")
A28: lms-stg-etb-03 | B28: Standby Master | C28: running | D28: lms-stg-etb-03-002-3f08 | E28: G3 - [Standard]2vCPU, 8GB Mem | F28: lms-stg-vpc-01 | G28: lms-stg-sub-prv-myd-etb-01 | J28: 2025-06-16 오후 2:18 (UTC+09:00) | K28: CB1 | L28: 9GB | M28: N | N28: MYSQL8.0.42 | O28: 3306 | P28: 7일(02:00) | X28: =_xlfn.XLOOKUP(H28, Sheet3!$E:$E, Sheet3!$B:$B, "") -> 0 | Y28: =_xlfn.XLOOKUP(H28, Sheet3!$E:$E, Sheet3!$C:$C, "") -> 0 | Z28: =_xlfn.XLOOKUP(H28, Sheet3!$E:$E, Sheet3!$D:$D, "") -> 0
A29: lms-stg-csb-03 | B29: Master | C29: running | D29: lms-stg-csb-03-001-3f05 | E29: G3 - [Standard]2vCPU, 8GB Mem | F29: lms-stg-vpc-01 | G29: lms-stg-sub-prv-csb-01 | H29: db-3124it-kr1.vpc-cdb.gov-ntruss.com | J29: 2025-06-16 오후 2:17 (UTC+09:00) | K29: CB1 | L29: 9GB | M29: N | N29: MYSQL8.0.42 | O29: 3306 | P29: 7일(02:00) | X29: =_xlfn.XLOOKUP(H29, Sheet3!$E:$E, Sheet3!$B:$B, "") | Y29: =_xlfn.XLOOKUP(H29, Sheet3!$E:$E, Sheet3!$C:$C, "") | Z29: =_xlfn.XLOOKUP(H29, Sheet3!$E:$E, Sheet3!$D:$D, "")
A30: lms-stg-csb-03 | B30: Standby Master | C30: running | D30: lms-stg-csb-03-002-3f06 | E30: G3 - [Standard]2vCPU, 8GB Mem | F30: lms-stg-vpc-01 | G30: lms-stg-sub-prv-csb-01 | J30: 2025-06-16 오후 2:17 (UTC+09:00) | K30: CB1 | L30: 9GB | M30: N | N30: MYSQL8.0.42 | O30: 3306 | P30: 7일(02:00) | X30: =_xlfn.XLOOKUP(H30, Sheet3!$E:$E, Sheet3!$B:$B, "") -> 0 | Y30: =_xlfn.XLOOKUP(H30, Sheet3!$E:$E, Sheet3!$C:$C, "") -> 0 | Z30: =_xlfn.XLOOKUP(H30, Sheet3!$E:$E, Sheet3!$D:$D, "") -> 0
A31: lms-stg-etb-02 | B31: Master | C31: running | D31: lms-stg-etb-02-003-3ub0 | E31: G2 - [Standard]2vCPU, 8GB Mem | F31: lms-stg-vpc-01 | G31: lms-stg-sub-prv-myd-etb-01 | H31: db-30vr5l-kr1.vpc-cdb.gov-ntruss.com | J31: 2025-09-20 오후 1:11 (UTC+09:00) | K31: SSD | L31: 9GB | M31: N | N31: MYSQL8.0.42 | O31: 3306 | P31: 7일(05:15) | X31: =_xlfn.XLOOKUP(H31, Sheet3!$E:$E, Sheet3!$B:$B, "") | Y31: =_xlfn.XLOOKUP(H31, Sheet3!$E:$E, Sheet3!$C:$C, "") | Z31: =_xlfn.XLOOKUP(H31, Sheet3!$E:$E, Sheet3!$D:$D, "")
A32: lms-stg-etb-02 | B32: Standby Master | C32: running | D32: lms-stg-etb-02-004-3ub5 | E32: G2 - [Standard]2vCPU, 8GB Mem | F32: lms-stg-vpc-01 | G32: lms-stg-sub-prv-myd-etb-01 | J32: 2025-09-20 오후 1:42 (UTC+09:00) | K32: SSD | L32: 9GB | M32: N | N32: MYSQL8.0.42 | O32: 3306 | P32: 7일(05:15) | X32: =_xlfn.XLOOKUP(H32, Sheet3!$E:$E, Sheet3!$B:$B, "") -> 0 | Y32: =_xlfn.XLOOKUP(H32, Sheet3!$E:$E, Sheet3!$C:$C, "") -> 0 | Z32: =_xlfn.XLOOKUP(H32, Sheet3!$E:$E, Sheet3!$D:$D, "") -> 0
A33: lms-stg-csb-02 | B33: Master | C33: running | D33: lms-stg-csb-02-005-44zu | E33: G2 - [Standard]2vCPU, 8GB Mem | F33: lms-stg-vpc-01 | G33: lms-stg-sub-prv-csb-01 | H33: db-30vr47-kr1.vpc-cdb.gov-ntruss.com | J33: 2025-12-09 오후 4:07 (UTC+09:00) | K33: SSD | L33: 9GB | M33: N | N33: MYSQL8.0.42 | O33: 3306 | P33: 7일(02:00) | X33: =_xlfn.XLOOKUP(H33, Sheet3!$E:$E, Sheet3!$B:$B, "") | Y33: =_xlfn.XLOOKUP(H33, Sheet3!$E:$E, Sheet3!$C:$C, "") | Z33: =_xlfn.XLOOKUP(H33, Sheet3!$E:$E, Sheet3!$D:$D, "")
A34: lms-stg-csb-02 | B34: Standby Master | C34: running | D34: lms-stg-csb-02-006-4500 | E34: G2 - [Standard]2vCPU, 8GB Mem | F34: lms-stg-vpc-01 | G34: lms-stg-sub-prv-csb-01 | J34: 2025-12-09 오후 4:26 (UTC+09:00) | K34: SSD | L34: 9GB | M34: N | N34: MYSQL8.0.42 | O34: 3306 | P34: 7일(02:00) | X34: =_xlfn.XLOOKUP(H34, Sheet3!$E:$E, Sheet3!$B:$B, "") -> 0 | Y34: =_xlfn.XLOOKUP(H34, Sheet3!$E:$E, Sheet3!$C:$C, "") -> 0 | Z34: =_xlfn.XLOOKUP(H34, Sheet3!$E:$E, Sheet3!$D:$D, "") -> 0
A35: lms-prd-etb-web-01 | B35: Master | C35: running | D35: lms-prd-etb-w-01-003-3xc5 | E35: G2 - [Standard]2vCPU, 8GB Mem | F35: lms-prd-vpc-01 | G35: lms-prd-sub-prv-myd-etb-01 | H35: db-30k3cf-kr1.vpc-cdb.gov-ntruss.com | J35: 2025-10-17 오후 10:36 (UTC+09:00) | K35: SSD | L35: 9GB | M35: N | N35: MYSQL8.0.42 | O35: 3306 | P35: 7일(02:00) | X35: =_xlfn.XLOOKUP(H35, Sheet3!$E:$E, Sheet3!$B:$B, "") | Y35: =_xlfn.XLOOKUP(H35, Sheet3!$E:$E, Sheet3!$C:$C, "") | Z35: =_xlfn.XLOOKUP(H35, Sheet3!$E:$E, Sheet3!$D:$D, "")
A36: lms-prd-etb-web-01 | B36: Standby Master | C36: running | D36: lms-prd-etb-w-01-004-3xce | E36: G2 - [Standard]2vCPU, 8GB Mem | F36: lms-prd-vpc-01 | G36: lms-prd-sub-prv-myd-etb-01 | J36: 2025-10-17 오후 10:56 (UTC+09:00) | K36: SSD | L36: 9GB | M36: N | N36: MYSQL8.0.42 | O36: 3306 | P36: 7일(02:00) | X36: =_xlfn.XLOOKUP(H36, Sheet3!$E:$E, Sheet3!$B:$B, "") -> 0 | Y36: =_xlfn.XLOOKUP(H36, Sheet3!$E:$E, Sheet3!$C:$C, "") -> 0 | Z36: =_xlfn.XLOOKUP(H36, Sheet3!$E:$E, Sheet3!$D:$D, "") -> 0
A37: lms-prd-csb-w-01 | B37: Master | C37: running | D37: lms-prd-csb-w-01-003-3lds | E37: G2 - [Standard]8vCPU, 32GB Mem | F37: lms-prd-vpc-01 | G37: lms-prd-sub-prv-csb-01 | H37: db-30jak8-kr1.vpc-cdb.gov-ntruss.com | J37: 2025-08-02 오전 11:13 (UTC+09:00) | K37: SSD | L37: 9GB | M37: N | N37: MYSQL8.0.42 | O37: 3306 | P37: 7일(02:00) | X37: =_xlfn.XLOOKUP(H37, Sheet3!$E:$E, Sheet3!$B:$B, "") | Y37: =_xlfn.XLOOKUP(H37, Sheet3!$E:$E, Sheet3!$C:$C, "") | Z37: =_xlfn.XLOOKUP(H37, Sheet3!$E:$E, Sheet3!$D:$D, "")
A38: lms-prd-csb-w-01 | B38: Standby Master | C38: running | D38: lms-prd-csb-w-01-004-3le4 | E38: G2 - [Standard]8vCPU, 32GB Mem | F38: lms-prd-vpc-01 | G38: lms-prd-sub-prv-csb-01 | J38: 2025-08-02 오전 11:40 (UTC+09:00) | K38: SSD | L38: 9GB | M38: N | N38: MYSQL8.0.42 | O38: 3306 | P38: 7일(02:00) | X38: =_xlfn.XLOOKUP(H38, Sheet3!$E:$E, Sheet3!$B:$B, "") -> 0 | Y38: =_xlfn.XLOOKUP(H38, Sheet3!$E:$E, Sheet3!$C:$C, "") -> 0 | Z38: =_xlfn.XLOOKUP(H38, Sheet3!$E:$E, Sheet3!$D:$D, "") -> 0
A39: lms-dev-myd-ats-01 | B39: Stand Alone | C39: running | D39: lms-dev-myd-ats-01-002-3wre | E39: G2 - [Standard]2vCPU, 8GB Mem | F39: lms-dev-vpc-01 | G39: lms-dev-sub-prv-ats-01 | H39: db-30g782-kr1.vpc-cdb.gov-ntruss.com | J39: 2025-10-14 오후 9:54 (UTC+09:00) | K39: SSD | L39: 9GB | M39: N | N39: MYSQL8.0.42 | O39: 3306 | P39: 3일(07:15) | X39: =_xlfn.XLOOKUP(H39, Sheet3!$E:$E, Sheet3!$B:$B, "") | Y39: =_xlfn.XLOOKUP(H39, Sheet3!$E:$E, Sheet3!$C:$C, "") | Z39: =_xlfn.XLOOKUP(H39, Sheet3!$E:$E, Sheet3!$D:$D, "")
A40: lms-prd-myd-mae34p1083-lm | B40: Master | C40: running | D40: lms-prd-myd-024-lm-005-3uia | E40: G2 - [Standard]16vCPU, 64GB Mem | F40: lms-prd-vpc-01 | G40: lms-prd-sub-prv-myd-lm-08 | H40: db-30fm83-kr1.vpc-cdb.gov-ntruss.com | J40: 2025-09-21 오전 9:10 (UTC+09:00) | K40: SSD | L40: 40GB | M40: N | N40: MYSQL8.0.42 | O40: 3306 | P40: 7일(02:00) | Q40: lms_ath, lms_cms, lms_lrm | R40: /backup/DB_DUMP/PRD_LRM_BK_백업날짜 | S40: LRM_PRD8_4_2_백업날짜.sql | T40: 0.125 | U40: 매일 | V40: lrm_prd_bk.sh | X40: 초등 | Y40: 수학 4-2 | Z40: 박만구
A41: lms-prd-myd-mae34p1083-lm | B41: Standby Master | C41: running | D41: lms-prd-myd-024-lm-006-3ujj | E41: G2 - [Standard]16vCPU, 64GB Mem | F41: lms-prd-vpc-01 | G41: lms-prd-sub-prv-myd-lm-08 | J41: 2025-09-21 오전 9:49 (UTC+09:00) | K41: SSD | L41: 40GB | M41: N | N41: MYSQL8.0.42 | O41: 3306 | P41: 7일(02:00) | X41: =_xlfn.XLOOKUP(H41, Sheet3!$E:$E, Sheet3!$B:$B, "") -> 0 | Y41: =_xlfn.XLOOKUP(H41, Sheet3!$E:$E, Sheet3!$C:$C, "") -> 0 | Z41: =_xlfn.XLOOKUP(H41, Sheet3!$E:$E, Sheet3!$D:$D, "") -> 0
A42: lms-prd-myd-mae34h1093-lw | B42: Master | C42: running | D42: lms-prd-myd-026-lw-005-3ui9 | E42: G2 - [Standard]16vCPU, 64GB Mem | F42: lms-prd-vpc-01 | G42: lms-prd-sub-prv-myd-lw-09 | H42: db-30fla9-kr1.vpc-cdb.gov-ntruss.com | J42: 2025-09-21 오전 9:10 (UTC+09:00) | K42: SSD | L42: 13GB | M42: N | N42: MYSQL8.0.42 | O42: 3306 | P42: 7일(02:00) | Q42: lms_lrw | R42: /backup/DB_DUMP/PRD_LRW_BK_백업날짜 | S42: LRW_PRD9_4_2_백업날짜.sql | T42: 0.125 | U42: 매일 | V42: lrw_prd_bk.sh | X42: =_xlfn.XLOOKUP(H42, Sheet3!$E:$E, Sheet3!$B:$B, "") -> 초등 | Y42: =_xlfn.XLOOKUP(H42, Sheet3!$E:$E, Sheet3!$C:$C, "") -> 수학 4-2 | Z42: =_xlfn.XLOOKUP(H42, Sheet3!$E:$E, Sheet3!$D:$D, "") -> 한대희
A43: lms-prd-myd-mae34h1093-lw | B43: Standby Master | C43: running | D43: lms-prd-myd-026-lw-006-3uji | E43: G2 - [Standard]16vCPU, 64GB Mem | F43: lms-prd-vpc-01 | G43: lms-prd-sub-prv-myd-lw-09 | J43: 2025-09-21 오전 9:49 (UTC+09:00) | K43: SSD | L43: 12GB | M43: N | N43: MYSQL8.0.42 | O43: 3306 | P43: 7일(02:00) | X43: =_xlfn.XLOOKUP(H43, Sheet3!$E:$E, Sheet3!$B:$B, "") -> 0 | Y43: =_xlfn.XLOOKUP(H43, Sheet3!$E:$E, Sheet3!$C:$C, "") -> 0 | Z43: =_xlfn.XLOOKUP(H43, Sheet3!$E:$E, Sheet3!$D:$D, "") -> 0
A44: lms-prd-myd-mae34h1092-lw | B44: Master | C44: running | D44: lms-prd-myd-025-lw-005-3xbe | E44: G2 - [Standard]16vCPU, 64GB Mem | F44: lms-prd-vpc-01 | G44: lms-prd-sub-prv-myd-lw-09 | H44: db-30fl9k-kr1.vpc-cdb.gov-ntruss.com | J44: 2025-10-17 오후 9:43 (UTC+09:00) | K44: SSD | L44: 13GB | M44: N | N44: MYSQL8.0.42 | O44: 3306 | P44: 7일(02:00) | Q44: lms_lrw | R44: /backup/DB_DUMP/PRD_LRW_BK_백업날짜 | S44: LRW_PRD9_3_2_백업날짜.sql | T44: 0.125 | U44: 매일 | V44: lrw_prd_bk.sh | X44: =_xlfn.XLOOKUP(H44, Sheet3!$E:$E, Sheet3!$B:$B, "") -> 초등 | Y44: =_xlfn.XLOOKUP(H44, Sheet3!$E:$E, Sheet3!$C:$C, "") -> 수학 3-2 | Z44: =_xlfn.XLOOKUP(H44, Sheet3!$E:$E, Sheet3!$D:$D, "") -> 한대희
A45: lms-prd-myd-mae34h1092-lw | B45: Standby Master | C45: running | D45: lms-prd-myd-025-lw-006-3xbs | E45: G2 - [Standard]16vCPU, 64GB Mem | F45: lms-prd-vpc-01 | G45: lms-prd-sub-prv-myd-lw-09 | J45: 2025-10-17 오후 10:07 (UTC+09:00) | K45: SSD | L45: 12GB | M45: N | N45: MYSQL8.0.42 | O45: 3306 | P45: 7일(02:00) | X45: =_xlfn.XLOOKUP(H45, Sheet3!$E:$E, Sheet3!$B:$B, "") -> 0 | Y45: =_xlfn.XLOOKUP(H45, Sheet3!$E:$E, Sheet3!$C:$C, "") -> 0 | Z45: =_xlfn.XLOOKUP(H45, Sheet3!$E:$E, Sheet3!$D:$D, "") -> 0
A46: lms-prd-myd-mae34p1083-lw | B46: Master | C46: running | D46: lms-prd-myd-024-lw-006-3xbt | E46: G2 - [Standard]16vCPU, 64GB Mem | F46: lms-prd-vpc-01 | G46: lms-prd-sub-prv-myd-lw-08 | H46: db-30fl4s-kr1.vpc-cdb.gov-ntruss.com | J46: 2025-10-17 오후 10:08 (UTC+09:00) | K46: SSD | L46: 14GB | M46: N | N46: MYSQL8.0.42 | O46: 3306 | P46: 7일(02:00) | Q46: lms_lrw | R46: /backup/DB_DUMP/PRD_LRW_BK_백업날짜 | S46: LRW_PRD8_4_2_백업날짜.sql | T46: 0.125 | U46: 매일 | V46: lrw_prd_bk.sh | X46: =_xlfn.XLOOKUP(H46, Sheet3!$E:$E, Sheet3!$B:$B, "") -> 초등 | Y46: =_xlfn.XLOOKUP(H46, Sheet3!$E:$E, Sheet3!$C:$C, "") -> 수학 4-2 | Z46: =_xlfn.XLOOKUP(H46, Sheet3!$E:$E, Sheet3!$D:$D, "") -> 박만구
A47: lms-prd-myd-mae34p1083-lw | B47: Standby Master | C47: running | D47: lms-prd-myd-024-lw-005-3xbg | E47: G2 - [Standard]16vCPU, 64GB Mem | F47: lms-prd-vpc-01 | G47: lms-prd-sub-prv-myd-lw-08 | J47: 2025-10-17 오후 9:43 (UTC+09:00) | K47: SSD | L47: 13GB | M47: N | N47: MYSQL8.0.42 | O47: 3306 | P47: 7일(02:00) | X47: =_xlfn.XLOOKUP(H47, Sheet3!$E:$E, Sheet3!$B:$B, "") -> 0 | Y47: =_xlfn.XLOOKUP(H47, Sheet3!$E:$E, Sheet3!$C:$C, "") -> 0 | Z47: =_xlfn.XLOOKUP(H47, Sheet3!$E:$E, Sheet3!$D:$D, "") -> 0
A48: lms-prd-myd-mae34p1082-lw | B48: Master | C48: running | D48: lms-prd-myd-023-lw-006-3xbu | E48: G2 - [Standard]16vCPU, 64GB Mem | F48: lms-prd-vpc-01 | G48: lms-prd-sub-prv-myd-lw-08 | H48: db-30fl47-kr1.vpc-cdb.gov-ntruss.com | J48: 2025-10-17 오후 10:08 (UTC+09:00) | K48: SSD | L48: 13GB | M48: N | N48: MYSQL8.0.42 | O48: 3306 | P48: 7일(02:00) | Q48: lms_lrw | R48: /backup/DB_DUMP/PRD_LRW_BK_백업날짜 | S48: LRW_PRD8_3_2_백업날짜.sql | T48: 0.125 | U48: 매일 | V48: lrw_prd_bk.sh | X48: =_xlfn.XLOOKUP(H48, Sheet3!$E:$E, Sheet3!$B:$B, "") -> 초등 | Y48: =_xlfn.XLOOKUP(H48, Sheet3!$E:$E, Sheet3!$C:$C, "") -> 수학 3-2 | Z48: =_xlfn.XLOOKUP(H48, Sheet3!$E:$E, Sheet3!$D:$D, "") -> 박만구
A49: lms-prd-myd-mae34p1082-lw | B49: Standby Master | C49: running | D49: lms-prd-myd-023-lw-005-3xbh | E49: G2 - [Standard]16vCPU, 64GB Mem | F49: lms-prd-vpc-01 | G49: lms-prd-sub-prv-myd-lw-08 | J49: 2025-10-17 오후 9:44 (UTC+09:00) | K49: SSD | L49: 12GB | M49: N | N49: MYSQL8.0.42 | O49: 3306 | P49: 7일(02:00) | X49: =_xlfn.XLOOKUP(H49, Sheet3!$E:$E, Sheet3!$B:$B, "") -> 0 | Y49: =_xlfn.XLOOKUP(H49, Sheet3!$E:$E, Sheet3!$C:$C, "") -> 0 | Z49: =_xlfn.XLOOKUP(H49, Sheet3!$E:$E, Sheet3!$D:$D, "") -> 0
A50: lms-prd-myd-mae34h1093-lm | B50: Master | C50: running | D50: lms-prd-myd-026-lm-005-42ab | E50: G2 - [Standard]16vCPU, 64GB Mem | F50: lms-prd-vpc-01 | G50: lms-prd-sub-prv-myd-lm-09 | H50: db-30fl3g-kr1.vpc-cdb.gov-ntruss.com | J50: 2025-11-15 오후 10:58 (UTC+09:00) | K50: SSD | L50: 32GB | M50: N | N50: MYSQL8.0.42 | O50: 3306 | P50: 7일(02:00) | Q50: lms_ath, lms_cms, lms_lrm | R50: /backup/DB_DUMP/PRD_LRM_BK_백업날짜 | S50: LRM_PRD9_4_2_백업날짜.sql | T50: 0.125 | U50: 매일 | V50: lrm_prd_bk.sh | X50: =_xlfn.XLOOKUP(H50, Sheet3!$E:$E, Sheet3!$B:$B, "") -> 초등 | Y50: =_xlfn.XLOOKUP(H50, Sheet3!$E:$E, Sheet3!$C:$C, "") -> 수학 4-2 | Z50: =_xlfn.XLOOKUP(H50, Sheet3!$E:$E, Sheet3!$D:$D, "") -> 한대희
A51: lms-prd-myd-mae34h1093-lm | B51: Standby Master | C51: running | D51: lms-prd-myd-026-lm-006-42an | E51: G2 - [Standard]16vCPU, 64GB Mem | F51: lms-prd-vpc-01 | G51: lms-prd-sub-prv-myd-lm-09 | J51: 2025-11-15 오후 11:38 (UTC+09:00) | K51: SSD | L51: 32GB | M51: N | N51: MYSQL8.0.42 | O51: 3306 | P51: 7일(02:00) | X51: =_xlfn.XLOOKUP(H51, Sheet3!$E:$E, Sheet3!$B:$B, "") -> 0 | Y51: =_xlfn.XLOOKUP(H51, Sheet3!$E:$E, Sheet3!$C:$C, "") -> 0 | Z51: =_xlfn.XLOOKUP(H51, Sheet3!$E:$E, Sheet3!$D:$D, "") -> 0
A52: lms-prd-myd-mae34h1092-lm | B52: Master | C52: running | D52: lms-prd-myd-025-lm-005-3xbf | E52: G2 - [Standard]16vCPU, 64GB Mem | F52: lms-prd-vpc-01 | G52: lms-prd-sub-prv-myd-lm-09 | H52: db-30fl2n-kr1.vpc-cdb.gov-ntruss.com | J52: 2025-10-17 오후 9:43 (UTC+09:00) | K52: SSD | L52: 31GB | M52: N | N52: MYSQL8.0.42 | O52: 3306 | P52: 7일(02:00) | Q52: lms_ath, lms_cms, lms_lrm | R52: /backup/DB_DUMP/PRD_LRM_BK_백업날짜 | S52: LRM_PRD9_3_2_백업날짜.sql | T52: 0.125 | U52: 매일 | V52: lrm_prd_bk.sh | X52: =_xlfn.XLOOKUP(H52, Sheet3!$E:$E, Sheet3!$B:$B, "") -> 초등 | Y52: =_xlfn.XLOOKUP(H52, Sheet3!$E:$E, Sheet3!$C:$C, "") -> 수학 3-2 | Z52: =_xlfn.XLOOKUP(H52, Sheet3!$E:$E, Sheet3!$D:$D, "") -> 한대희
A53: lms-prd-myd-mae34h1092-lm | B53: Standby Master | C53: running | D53: lms-prd-myd-025-lm-006-3xbr | E53: G2 - [Standard]16vCPU, 64GB Mem | F53: lms-prd-vpc-01 | G53: lms-prd-sub-prv-myd-lm-09 | J53: 2025-10-17 오후 10:07 (UTC+09:00) | K53: SSD | L53: 30GB | M53: N | N53: MYSQL8.0.42 | O53: 3306 | P53: 7일(02:00) | X53: =_xlfn.XLOOKUP(H53, Sheet3!$E:$E, Sheet3!$B:$B, "") -> 0 | Y53: =_xlfn.XLOOKUP(H53, Sheet3!$E:$E, Sheet3!$C:$C, "") -> 0 | Z53: =_xlfn.XLOOKUP(H53, Sheet3!$E:$E, Sheet3!$D:$D, "") -> 0
A54: lms-prd-myd-mae34p1082-lm | B54: Master | C54: running | D54: lms-prd-myd-023-lm-005-3uib | E54: G2 - [Standard]16vCPU, 64GB Mem | F54: lms-prd-vpc-01 | G54: lms-prd-sub-prv-myd-lm-08 | H54: db-30fl0u-kr1.vpc-cdb.gov-ntruss.com | J54: 2025-09-21 오전 9:11 (UTC+09:00) | K54: SSD | L54: 37GB | M54: N | N54: MYSQL8.0.42 | O54: 3306 | P54: 7일(02:00) | Q54: lms_ath, lms_cms, lms_lrm | R54: /backup/DB_DUMP/PRD_LRM_BK_백업날짜 | S54: LRM_PRD8_3_2_백업날짜.sql | T54: 0.125 | U54: 매일 | V54: lrm_prd_bk.sh | X54: =_xlfn.XLOOKUP(H54, Sheet3!$E:$E, Sheet3!$B:$B, "") -> 초등 | Y54: =_xlfn.XLOOKUP(H54, Sheet3!$E:$E, Sheet3!$C:$C, "") -> 수학 3-2 | Z54: =_xlfn.XLOOKUP(H54, Sheet3!$E:$E, Sheet3!$D:$D, "") -> 박만구
A55: lms-prd-myd-mae34p1082-lm | B55: Standby Master | C55: running | D55: lms-prd-myd-023-lm-006-3ujk | E55: G2 - [Standard]16vCPU, 64GB Mem | F55: lms-prd-vpc-01 | G55: lms-prd-sub-prv-myd-lm-08 | J55: 2025-09-21 오전 9:49 (UTC+09:00) | K55: SSD | L55: 37GB | M55: N | N55: MYSQL8.0.42 | O55: 3306 | P55: 7일(02:00) | X55: =_xlfn.XLOOKUP(H55, Sheet3!$E:$E, Sheet3!$B:$B, "") -> 0 | Y55: =_xlfn.XLOOKUP(H55, Sheet3!$E:$E, Sheet3!$C:$C, "") -> 0 | Z55: =_xlfn.XLOOKUP(H55, Sheet3!$E:$E, Sheet3!$D:$D, "") -> 0
A56: lms-prd-view-01 | B56: Master | C56: running | D56: lms-prd-view-01-004-3x9f | E56: G2 - [Standard]2vCPU, 8GB Mem | F56: lms-prd-vpc-01 | G56: lms-prd-sub-prv-myd-view-01 | H56: db-30csst-kr1.vpc-cdb.gov-ntruss.com | J56: 2025-10-17 오후 8:07 (UTC+09:00) | K56: SSD | L56: 9GB | M56: N | N56: MYSQL8.0.42 | O56: 3306 | P56: 7일(02:00) | X56: =_xlfn.XLOOKUP(H56, Sheet3!$E:$E, Sheet3!$B:$B, "") | Y56: =_xlfn.XLOOKUP(H56, Sheet3!$E:$E, Sheet3!$C:$C, "") | Z56: =_xlfn.XLOOKUP(H56, Sheet3!$E:$E, Sheet3!$D:$D, "")
A57: lms-prd-view-01 | B57: Standby Master | C57: running | D57: lms-prd-view-01-003-3x8e | E57: G2 - [Standard]2vCPU, 8GB Mem | F57: lms-prd-vpc-01 | G57: lms-prd-sub-prv-myd-view-01 | J57: 2025-10-17 오후 7:28 (UTC+09:00) | K57: SSD | L57: 9GB | M57: N | N57: MYSQL8.0.42 | O57: 3306 | P57: 7일(02:00) | X57: =_xlfn.XLOOKUP(H57, Sheet3!$E:$E, Sheet3!$B:$B, "") -> 0 | Y57: =_xlfn.XLOOKUP(H57, Sheet3!$E:$E, Sheet3!$C:$C, "") -> 0 | Z57: =_xlfn.XLOOKUP(H57, Sheet3!$E:$E, Sheet3!$D:$D, "") -> 0
A58: lms-prd-myd-mah01h3131-lw | B58: Master | C58: running | D58: lms-prd-myd-022-lw-006-3xbv | E58: G2 - [Standard]16vCPU, 64GB Mem | F58: lms-prd-vpc-01 | G58: lms-prd-sub-prv-myd-lw-13 | H58: db-308usp-kr1.vpc-cdb.gov-ntruss.com | J58: 2025-10-17 오후 10:09 (UTC+09:00) | K58: SSD | L58: 9GB | M58: N | N58: MYSQL8.0.42 | O58: 3306 | P58: 7일(02:00) | Q58: lms_lrw | R58: /backup/DB_DUMP/PRD_LRW_BK_백업날짜 | S58: LRW_PRD13_1_백업날짜.sql | T58: 0.125 | U58: 매일 | V58: lrw_prd_bk.sh | X58: =_xlfn.XLOOKUP(H58, Sheet3!$E:$E, Sheet3!$B:$B, "") -> 고등 | Y58: =_xlfn.XLOOKUP(H58, Sheet3!$E:$E, Sheet3!$C:$C, "") -> 공통수학2 | Z58: =_xlfn.XLOOKUP(H58, Sheet3!$E:$E, Sheet3!$D:$D, "") -> 홍진곤
A59: lms-prd-myd-mah01h3131-lw | B59: Standby Master | C59: running | D59: lms-prd-myd-022-lw-005-3xbi | E59: G2 - [Standard]16vCPU, 64GB Mem | F59: lms-prd-vpc-01 | G59: lms-prd-sub-prv-myd-lw-13 | J59: 2025-10-17 오후 9:44 (UTC+09:00) | K59: SSD | L59: 9GB | M59: N | N59: MYSQL8.0.42 | O59: 3306 | P59: 7일(02:00) | X59: =_xlfn.XLOOKUP(H59, Sheet3!$E:$E, Sheet3!$B:$B, "") -> 0 | Y59: =_xlfn.XLOOKUP(H59, Sheet3!$E:$E, Sheet3!$C:$C, "") -> 0 | Z59: =_xlfn.XLOOKUP(H59, Sheet3!$E:$E, Sheet3!$D:$D, "") -> 0
A60: lms-prd-myd-mah01j1121-lw | B60: Master | C60: running | D60: lms-prd-myd-021-lw-006-3xbw | E60: G2 - [Standard]16vCPU, 64GB Mem | F60: lms-prd-vpc-01 | G60: lms-prd-sub-prv-myd-lw-12 | H60: db-308us7-kr1.vpc-cdb.gov-ntruss.com | J60: 2025-10-17 오후 10:09 (UTC+09:00) | K60: SSD | L60: 9GB | M60: N | N60: MYSQL8.0.42 | O60: 3306 | P60: 7일(02:00) | Q60: lms_lrw | R60: /backup/DB_DUMP/PRD_LRW_BK_백업날짜 | S60: LRW_PRD12_1_백업날짜.sql | T60: 0.125 | U60: 매일 | V60: lrw_prd_bk.sh | X60: =_xlfn.XLOOKUP(H60, Sheet3!$E:$E, Sheet3!$B:$B, "") -> 고등 | Y60: =_xlfn.XLOOKUP(H60, Sheet3!$E:$E, Sheet3!$C:$C, "") -> 공통수학2 | Z60: =_xlfn.XLOOKUP(H60, Sheet3!$E:$E, Sheet3!$D:$D, "") -> 전인태
A61: lms-prd-myd-mah01j1121-lw | B61: Standby Master | C61: running | D61: lms-prd-myd-021-lw-005-3xbj | E61: G2 - [Standard]16vCPU, 64GB Mem | F61: lms-prd-vpc-01 | G61: lms-prd-sub-prv-myd-lw-12 | J61: 2025-10-17 오후 9:44 (UTC+09:00) | K61: SSD | L61: 9GB | M61: N | N61: MYSQL8.0.42 | O61: 3306 | P61: 7일(02:00) | X61: =_xlfn.XLOOKUP(H61, Sheet3!$E:$E, Sheet3!$B:$B, "") -> 0 | Y61: =_xlfn.XLOOKUP(H61, Sheet3!$E:$E, Sheet3!$C:$C, "") -> 0 | Z61: =_xlfn.XLOOKUP(H61, Sheet3!$E:$E, Sheet3!$D:$D, "") -> 0
A62: lms-prd-myd-mae34h1091-lw | B62: Master | C62: running | D62: lms-prd-myd-020-lw-005-3uie | E62: G2 - [Standard]16vCPU, 64GB Mem | F62: lms-prd-vpc-01 | G62: lms-prd-sub-prv-myd-lw-09 | H62: db-308urd-kr1.vpc-cdb.gov-ntruss.com | J62: 2025-09-21 오전 9:11 (UTC+09:00) | K62: SSD | L62: 15GB | M62: N | N62: MYSQL8.0.42 | O62: 3306 | P62: 7일(02:00) | Q62: lms_lrw | R62: /backup/DB_DUMP/PRD_LRW_BK_백업날짜 | S62: LRW_PRD9_4_1_백업날짜.sql | T62: 0.125 | U62: 매일 | V62: lrw_prd_bk.sh | X62: =_xlfn.XLOOKUP(H62, Sheet3!$E:$E, Sheet3!$B:$B, "") -> 초등 | Y62: =_xlfn.XLOOKUP(H62, Sheet3!$E:$E, Sheet3!$C:$C, "") -> 수학 4-1 | Z62: =_xlfn.XLOOKUP(H62, Sheet3!$E:$E, Sheet3!$D:$D, "") -> 한대희
A63: lms-prd-myd-mae34h1091-lw | B63: Standby Master | C63: running | D63: lms-prd-myd-020-lw-006-3ujn | E63: G2 - [Standard]16vCPU, 64GB Mem | F63: lms-prd-vpc-01 | G63: lms-prd-sub-prv-myd-lw-09 | J63: 2025-09-21 오전 9:50 (UTC+09:00) | K63: SSD | L63: 15GB | M63: N | N63: MYSQL8.0.42 | O63: 3306 | P63: 7일(02:00) | X63: =_xlfn.XLOOKUP(H63, Sheet3!$E:$E, Sheet3!$B:$B, "") -> 0 | Y63: =_xlfn.XLOOKUP(H63, Sheet3!$E:$E, Sheet3!$C:$C, "") -> 0 | Z63: =_xlfn.XLOOKUP(H63, Sheet3!$E:$E, Sheet3!$D:$D, "") -> 0
A64: lms-prd-myd-mae34p1081-lw | B64: Master | C64: running | D64: lms-prd-myd-019-lw-005-3uii | E64: G2 - [Standard]16vCPU, 64GB Mem | F64: lms-prd-vpc-01 | G64: lms-prd-sub-prv-myd-lw-08 | H64: db-308uq8-kr1.vpc-cdb.gov-ntruss.com | J64: 2025-09-21 오전 9:13 (UTC+09:00) | K64: SSD | L64: 17GB | M64: N | N64: MYSQL8.0.42 | O64: 3306 | P64: 7일(02:00) | Q64: lms_lrw | R64: /backup/DB_DUMP/PRD_LRW_BK_백업날짜 | S64: LRW_PRD8_4_1_백업날짜.sql | T64: 0.125 | U64: 매일 | V64: lrw_prd_bk.sh | X64: =_xlfn.XLOOKUP(H64, Sheet3!$E:$E, Sheet3!$B:$B, "") -> 초등 | Y64: =_xlfn.XLOOKUP(H64, Sheet3!$E:$E, Sheet3!$C:$C, "") -> 수학 4-1 | Z64: =_xlfn.XLOOKUP(H64, Sheet3!$E:$E, Sheet3!$D:$D, "") -> 박만구
A65: lms-prd-myd-mae34p1081-lw | B65: Standby Master | C65: running | D65: lms-prd-myd-019-lw-006-3ujr | E65: G2 - [Standard]16vCPU, 64GB Mem | F65: lms-prd-vpc-01 | G65: lms-prd-sub-prv-myd-lw-08 | J65: 2025-09-21 오전 9:51 (UTC+09:00) | K65: SSD | L65: 17GB | M65: N | N65: MYSQL8.0.42 | O65: 3306 | P65: 7일(02:00) | X65: =_xlfn.XLOOKUP(H65, Sheet3!$E:$E, Sheet3!$B:$B, "") -> 0 | Y65: =_xlfn.XLOOKUP(H65, Sheet3!$E:$E, Sheet3!$C:$C, "") -> 0 | Z65: =_xlfn.XLOOKUP(H65, Sheet3!$E:$E, Sheet3!$D:$D, "") -> 0
A66: lms-prd-myd-enh12j2071-lw | B66: Master | C66: running | D66: lms-prd-myd-018-lw-006-3xc8 | E66: G2 - [Standard]16vCPU, 64GB Mem | F66: lms-prd-vpc-01 | G66: lms-prd-sub-prv-myd-lw-07 | H66: db-308upl-kr1.vpc-cdb.gov-ntruss.com | J66: 2025-10-17 오후 10:55 (UTC+09:00) | K66: SSD | L66: 9GB | M66: N | N66: MYSQL8.0.42 | O66: 3306 | P66: 7일(02:00) | Q66: lms_lrw | R66: /backup/DB_DUMP/PRD_LRW_BK_백업날짜 | S66: LRW_PRD7_1_백업날짜.sql | T66: 0.125 | U66: 매일 | V66: lrw_prd_bk.sh | X66: =_xlfn.XLOOKUP(H66, Sheet3!$E:$E, Sheet3!$B:$B, "") -> 고등 | Y66: =_xlfn.XLOOKUP(H66, Sheet3!$E:$E, Sheet3!$C:$C, "") -> 공통영어 2 | Z66: =_xlfn.XLOOKUP(H66, Sheet3!$E:$E, Sheet3!$D:$D, "") -> 조수경
A67: lms-prd-myd-enh12j2071-lw | B67: Standby Master | C67: running | D67: lms-prd-myd-018-lw-005-3xbz | E67: G2 - [Standard]16vCPU, 64GB Mem | F67: lms-prd-vpc-01 | G67: lms-prd-sub-prv-myd-lw-07 | J67: 2025-10-17 오후 10:34 (UTC+09:00) | K67: SSD | L67: 9GB | M67: N | N67: MYSQL8.0.42 | O67: 3306 | P67: 7일(02:00) | X67: =_xlfn.XLOOKUP(H67, Sheet3!$E:$E, Sheet3!$B:$B, "") -> 0 | Y67: =_xlfn.XLOOKUP(H67, Sheet3!$E:$E, Sheet3!$C:$C, "") -> 0 | Z67: =_xlfn.XLOOKUP(H67, Sheet3!$E:$E, Sheet3!$D:$D, "") -> 0
A68: lms-prd-myd-enh12k1061-lw | B68: Master | C68: running | D68: lms-prd-myd-017-lw-006-3xc9 | E68: G2 - [Standard]16vCPU, 64GB Mem | F68: lms-prd-vpc-01 | G68: lms-prd-sub-prv-myd-lw-06 | H68: db-308up5-kr1.vpc-cdb.gov-ntruss.com | J68: 2025-10-17 오후 10:55 (UTC+09:00) | K68: SSD | L68: 9GB | M68: N | N68: MYSQL8.0.42 | O68: 3306 | P68: 7일(02:00) | Q68: lms_lrw | R68: /backup/DB_DUMP/PRD_LRW_BK_백업날짜 | S68: LRW_PRD6_1_백업날짜.sql | T68: 0.125 | U68: 매일 | V68: lrw_prd_bk.sh | X68: =_xlfn.XLOOKUP(H68, Sheet3!$E:$E, Sheet3!$B:$B, "") -> 고등 | Y68: =_xlfn.XLOOKUP(H68, Sheet3!$E:$E, Sheet3!$C:$C, "") -> 공통영어 2 | Z68: =_xlfn.XLOOKUP(H68, Sheet3!$E:$E, Sheet3!$D:$D, "") -> 강상구
A69: lms-prd-myd-enh12k1061-lw | B69: Standby Master | C69: running | D69: lms-prd-myd-017-lw-005-3xc1 | E69: G2 - [Standard]16vCPU, 64GB Mem | F69: lms-prd-vpc-01 | G69: lms-prd-sub-prv-myd-lw-06 | J69: 2025-10-17 오후 10:34 (UTC+09:00) | K69: SSD | L69: 9GB | M69: N | N69: MYSQL8.0.42 | O69: 3306 | P69: 7일(02:00) | X69: =_xlfn.XLOOKUP(H69, Sheet3!$E:$E, Sheet3!$B:$B, "") -> 0 | Y69: =_xlfn.XLOOKUP(H69, Sheet3!$E:$E, Sheet3!$C:$C, "") -> 0 | Z69: =_xlfn.XLOOKUP(H69, Sheet3!$E:$E, Sheet3!$D:$D, "") -> 0
A70: lms-prd-myd-ene34h2031-lw | B70: Master | C70: running | D70: lms-prd-myd-016-lw-005-42ac | E70: G2 - [Standard]16vCPU, 64GB Mem | F70: lms-prd-vpc-01 | G70: lms-prd-sub-prv-myd-lw-03 | H70: db-308uok-kr1.vpc-cdb.gov-ntruss.com | J70: 2025-11-15 오후 10:58 (UTC+09:00) | K70: SSD | L70: 16GB | M70: N | N70: MYSQL8.0.42 | O70: 3306 | P70: 7일(02:00) | Q70: lms_lrw | R70: /backup/DB_DUMP/PRD_LRW_BK_백업날짜 | S70: LRW_PRD3_1_백업날짜.sql | T70: 0.125 | U70: 매일 | V70: lrw_prd_bk.sh | X70: =_xlfn.XLOOKUP(H70, Sheet3!$E:$E, Sheet3!$B:$B, "") -> 초등 | Y70: =_xlfn.XLOOKUP(H70, Sheet3!$E:$E, Sheet3!$C:$C, "") -> 영어 4 | Z70: =_xlfn.XLOOKUP(H70, Sheet3!$E:$E, Sheet3!$D:$D, "") -> 함순애
A71: lms-prd-myd-ene34h2031-lw | B71: Standby Master | C71: running | D71: lms-prd-myd-016-lw-006-42ae | E71: G2 - [Standard]16vCPU, 64GB Mem | F71: lms-prd-vpc-01 | G71: lms-prd-sub-prv-myd-lw-03 | J71: 2025-11-15 오후 11:19 (UTC+09:00) | K71: SSD | L71: 15GB | M71: N | N71: MYSQL8.0.42 | O71: 3306 | P71: 7일(02:00) | X71: =_xlfn.XLOOKUP(H71, Sheet3!$E:$E, Sheet3!$B:$B, "") -> 0 | Y71: =_xlfn.XLOOKUP(H71, Sheet3!$E:$E, Sheet3!$C:$C, "") -> 0 | Z71: =_xlfn.XLOOKUP(H71, Sheet3!$E:$E, Sheet3!$D:$D, "") -> 0
A72: lms-prd-myd-ene34k3021-lw | B72: Master | C72: running | D72: lms-prd-myd-015-lw-005-3uik | E72: G2 - [Standard]16vCPU, 64GB Mem | F72: lms-prd-vpc-01 | G72: lms-prd-sub-prv-myd-lw-02 | H72: db-308uo0-kr1.vpc-cdb.gov-ntruss.com | J72: 2025-09-21 오전 9:14 (UTC+09:00) | K72: SSD | L72: 11GB | M72: N | N72: MYSQL8.0.42 | O72: 3306 | P72: 7일(02:45) | Q72: lms_lrw | R72: /backup/DB_DUMP/PRD_LRW_BK_백업날짜 | S72: LRW_PRD2_1_백업날짜.sql | T72: 0.125 | U72: 매일 | V72: lrw_prd_bk.sh | X72: =_xlfn.XLOOKUP(H72, Sheet3!$E:$E, Sheet3!$B:$B, "") -> 초등 | Y72: =_xlfn.XLOOKUP(H72, Sheet3!$E:$E, Sheet3!$C:$C, "") -> 영어 4 | Z72: =_xlfn.XLOOKUP(H72, Sheet3!$E:$E, Sheet3!$D:$D, "") -> 김태은
A73: lms-prd-myd-ene34k3021-lw | B73: Standby Master | C73: running | D73: lms-prd-myd-015-lw-006-3ujt | E73: G2 - [Standard]16vCPU, 64GB Mem | F73: lms-prd-vpc-01 | G73: lms-prd-sub-prv-myd-lw-02 | J73: 2025-09-21 오전 9:51 (UTC+09:00) | K73: SSD | L73: 11GB | M73: N | N73: MYSQL8.0.42 | O73: 3306 | P73: 7일(02:45) | X73: =_xlfn.XLOOKUP(H73, Sheet3!$E:$E, Sheet3!$B:$B, "") -> 0 | Y73: =_xlfn.XLOOKUP(H73, Sheet3!$E:$E, Sheet3!$C:$C, "") -> 0 | Z73: =_xlfn.XLOOKUP(H73, Sheet3!$E:$E, Sheet3!$D:$D, "") -> 0
A74: lms-prd-myd-ene34l1011-lw | B74: Master | C74: running | D74: lms-prd-myd-014-lw-006-3xcb | E74: G2 - [Standard]16vCPU, 64GB Mem | F74: lms-prd-vpc-01 | G74: lms-prd-sub-prv-myd-lw-01 | H74: db-308unj-kr1.vpc-cdb.gov-ntruss.com | J74: 2025-10-17 오후 10:55 (UTC+09:00) | K74: SSD | L74: 9GB | M74: N | N74: MYSQL8.0.42 | O74: 3306 | P74: 7일(02:30) | Q74: lms_lrw | R74: /backup/DB_DUMP/PRD_LRW_BK_백업날짜 | S74: LRW_PRD1_1_백업날짜.sql | T74: 0.125 | U74: 매일 | V74: lrw_prd_bk.sh | X74: =_xlfn.XLOOKUP(H74, Sheet3!$E:$E, Sheet3!$B:$B, "") -> 초등 | Y74: =_xlfn.XLOOKUP(H74, Sheet3!$E:$E, Sheet3!$C:$C, "") -> 영어 4 | Z74: =_xlfn.XLOOKUP(H74, Sheet3!$E:$E, Sheet3!$D:$D, "") -> 이동환
A75: lms-prd-myd-ene34l1011-lw | B75: Standby Master | C75: running | D75: lms-prd-myd-014-lw-005-3xc2 | E75: G2 - [Standard]16vCPU, 64GB Mem | F75: lms-prd-vpc-01 | G75: lms-prd-sub-prv-myd-lw-01 | J75: 2025-10-17 오후 10:35 (UTC+09:00) | K75: SSD | L75: 9GB | M75: N | N75: MYSQL8.0.42 | O75: 3306 | P75: 7일(02:30) | X75: =_xlfn.XLOOKUP(H75, Sheet3!$E:$E, Sheet3!$B:$B, "") -> 0 | Y75: =_xlfn.XLOOKUP(H75, Sheet3!$E:$E, Sheet3!$C:$C, "") -> 0 | Z75: =_xlfn.XLOOKUP(H75, Sheet3!$E:$E, Sheet3!$D:$D, "") -> 0
A76: lms-prd-myd-mah01h3131-lm | B76: Master | C76: running | D76: lms-prd-myd-022-lm-005-3uic | E76: G2 - [Standard]16vCPU, 64GB Mem | F76: lms-prd-vpc-01 | G76: lms-prd-sub-prv-myd-lm-13 | H76: db-308un0-kr1.vpc-cdb.gov-ntruss.com | J76: 2025-09-21 오전 9:11 (UTC+09:00) | K76: SSD | L76: 16GB | M76: N | N76: MYSQL8.0.42 | O76: 3306 | P76: 7일(02:00) | Q76: lms_ath, lms_cms, lms_lrm | R76: /backup/DB_DUMP/PRD_LRM_BK_백업날짜 | S76: LRM_PRD13_1_백업날짜.sql | T76: 0.125 | U76: 매일 | V76: lrm_prd_bk.sh | X76: =_xlfn.XLOOKUP(H76, Sheet3!$E:$E, Sheet3!$B:$B, "") -> 고등 | Y76: =_xlfn.XLOOKUP(H76, Sheet3!$E:$E, Sheet3!$C:$C, "") -> 공통수학2 | Z76: =_xlfn.XLOOKUP(H76, Sheet3!$E:$E, Sheet3!$D:$D, "") -> 홍진곤
A77: lms-prd-myd-mah01h3131-lm | B77: Standby Master | C77: running | D77: lms-prd-myd-022-lm-006-3ujl | E77: G2 - [Standard]16vCPU, 64GB Mem | F77: lms-prd-vpc-01 | G77: lms-prd-sub-prv-myd-lm-13 | J77: 2025-09-21 오전 9:50 (UTC+09:00) | K77: SSD | L77: 15GB | M77: N | N77: MYSQL8.0.42 | O77: 3306 | P77: 7일(02:00) | X77: =_xlfn.XLOOKUP(H77, Sheet3!$E:$E, Sheet3!$B:$B, "") -> 0 | Y77: =_xlfn.XLOOKUP(H77, Sheet3!$E:$E, Sheet3!$C:$C, "") -> 0 | Z77: =_xlfn.XLOOKUP(H77, Sheet3!$E:$E, Sheet3!$D:$D, "") -> 0
A78: lms-prd-myd-mah01j1121-lm | B78: Master | C78: running | D78: lms-prd-myd-021-lm-005-3uid | E78: G2 - [Standard]16vCPU, 64GB Mem | F78: lms-prd-vpc-01 | G78: lms-prd-sub-prv-myd-lm-12 | H78: db-308umd-kr1.vpc-cdb.gov-ntruss.com | J78: 2025-09-21 오전 9:11 (UTC+09:00) | K78: SSD | L78: 15GB | M78: N | N78: MYSQL8.0.42 | O78: 3306 | P78: 7일(02:00) | Q78: lms_ath, lms_cms, lms_lrm | R78: /backup/DB_DUMP/PRD_LRM_BK_백업날짜 | S78: LRM_PRD12_1_백업날짜.sql | T78: 0.125 | U78: 매일 | V78: lrm_prd_bk.sh | X78: =_xlfn.XLOOKUP(H78, Sheet3!$E:$E, Sheet3!$B:$B, "") -> 고등 | Y78: =_xlfn.XLOOKUP(H78, Sheet3!$E:$E, Sheet3!$C:$C, "") -> 공통수학2 | Z78: =_xlfn.XLOOKUP(H78, Sheet3!$E:$E, Sheet3!$D:$D, "") -> 전인태
A79: lms-prd-myd-mah01j1121-lm | B79: Standby Master | C79: running | D79: lms-prd-myd-021-lm-006-3ujm | E79: G2 - [Standard]16vCPU, 64GB Mem | F79: lms-prd-vpc-01 | G79: lms-prd-sub-prv-myd-lm-12 | J79: 2025-09-21 오전 9:50 (UTC+09:00) | K79: SSD | L79: 14GB | M79: N | N79: MYSQL8.0.42 | O79: 3306 | P79: 7일(02:00) | X79: =_xlfn.XLOOKUP(H79, Sheet3!$E:$E, Sheet3!$B:$B, "") -> 0 | Y79: =_xlfn.XLOOKUP(H79, Sheet3!$E:$E, Sheet3!$C:$C, "") -> 0 | Z79: =_xlfn.XLOOKUP(H79, Sheet3!$E:$E, Sheet3!$D:$D, "") -> 0
A80: lms-prd-myd-mae34h1091-lm | B80: Master | C80: running | D80: lms-prd-myd-020-lm-005-3uif | E80: G2 - [Standard]16vCPU, 64GB Mem | F80: lms-prd-vpc-01 | G80: lms-prd-sub-prv-myd-lm-09 | H80: db-308ult-kr1.vpc-cdb.gov-ntruss.com | J80: 2025-09-21 오전 9:12 (UTC+09:00) | K80: SSD | L80: 65GB | M80: N | N80: MYSQL8.0.42 | O80: 3306 | P80: 7일(02:00) | Q80: lms_ath, lms_cms, lms_lrm | R80: /backup/DB_DUMP/PRD_LRM_BK_백업날짜 | S80: LRM_PRD9_4_1_백업날짜.sql | T80: 0.125 | U80: 매일 | V80: lrm_prd_bk.sh | X80: =_xlfn.XLOOKUP(H80, Sheet3!$E:$E, Sheet3!$B:$B, "") -> 초등 | Y80: =_xlfn.XLOOKUP(H80, Sheet3!$E:$E, Sheet3!$C:$C, "") -> 수학 4-1 | Z80: =_xlfn.XLOOKUP(H80, Sheet3!$E:$E, Sheet3!$D:$D, "") -> 한대희
A81: lms-prd-myd-mae34h1091-lm | B81: Standby Master | C81: running | D81: lms-prd-myd-020-lm-006-3ujo | E81: G2 - [Standard]16vCPU, 64GB Mem | F81: lms-prd-vpc-01 | G81: lms-prd-sub-prv-myd-lm-09 | J81: 2025-09-21 오전 9:50 (UTC+09:00) | K81: SSD | L81: 65GB | M81: N | N81: MYSQL8.0.42 | O81: 3306 | P81: 7일(02:00) | X81: =_xlfn.XLOOKUP(H81, Sheet3!$E:$E, Sheet3!$B:$B, "") -> 0 | Y81: =_xlfn.XLOOKUP(H81, Sheet3!$E:$E, Sheet3!$C:$C, "") -> 0 | Z81: =_xlfn.XLOOKUP(H81, Sheet3!$E:$E, Sheet3!$D:$D, "") -> 0
A82: lms-prd-myd-mae34p1081-lm | B82: Master | C82: running | D82: lms-prd-myd-019-lm-005-3xby | E82: G2 - [Standard]16vCPU, 64GB Mem | F82: lms-prd-vpc-01 | G82: lms-prd-sub-prv-myd-lm-08 | H82: db-308ulb-kr1.vpc-cdb.gov-ntruss.com | J82: 2025-10-17 오후 10:33 (UTC+09:00) | K82: SSD | L82: 89GB | M82: N | N82: MYSQL8.0.42 | O82: 3306 | P82: 7일(02:00) | Q82: lms_ath, lms_cms, lms_lrm | R82: /backup/DB_DUMP/PRD_LRM_BK_백업날짜 | S82: LRM_PRD8_4_1_백업날짜.sql | T82: 0.125 | U82: 매일 | V82: lrm_prd_bk.sh | X82: =_xlfn.XLOOKUP(H82, Sheet3!$E:$E, Sheet3!$B:$B, "") -> 초등 | Y82: =_xlfn.XLOOKUP(H82, Sheet3!$E:$E, Sheet3!$C:$C, "") -> 수학 4-1 | Z82: =_xlfn.XLOOKUP(H82, Sheet3!$E:$E, Sheet3!$D:$D, "") -> 박만구
A83: lms-prd-myd-mae34p1081-lm | B83: Standby Master | C83: running | D83: lms-prd-myd-019-lm-006-3xcg | E83: G2 - [Standard]16vCPU, 64GB Mem | F83: lms-prd-vpc-01 | G83: lms-prd-sub-prv-myd-lm-08 | J83: 2025-10-17 오후 11:04 (UTC+09:00) | K83: SSD | L83: 89GB | M83: N | N83: MYSQL8.0.42 | O83: 3306 | P83: 7일(02:00) | X83: =_xlfn.XLOOKUP(H83, Sheet3!$E:$E, Sheet3!$B:$B, "") -> 0 | Y83: =_xlfn.XLOOKUP(H83, Sheet3!$E:$E, Sheet3!$C:$C, "") -> 0 | Z83: =_xlfn.XLOOKUP(H83, Sheet3!$E:$E, Sheet3!$D:$D, "") -> 0
A84: lms-prd-myd-enh12j2071-lm | B84: Master | C84: running | D84: lms-prd-myd-018-lm-006-3xca | E84: G2 - [Standard]16vCPU, 64GB Mem | F84: lms-prd-vpc-01 | G84: lms-prd-sub-prv-myd-lm-07 | H84: db-308ukf-kr1.vpc-cdb.gov-ntruss.com | J84: 2025-10-17 오후 10:55 (UTC+09:00) | K84: SSD | L84: 11GB | M84: N | N84: MYSQL8.0.42 | O84: 3306 | P84: 7일(02:00) | Q84: lms_ath, lms_cms, lms_lrm | R84: /backup/DB_DUMP/PRD_LRM_BK_백업날짜 | S84: LRM_PRD7_1_백업날짜.sql | T84: 0.125 | U84: 매일 | V84: lrm_prd_bk.sh | X84: =_xlfn.XLOOKUP(H84, Sheet3!$E:$E, Sheet3!$B:$B, "") -> 고등 | Y84: =_xlfn.XLOOKUP(H84, Sheet3!$E:$E, Sheet3!$C:$C, "") -> 공통영어 2 | Z84: =_xlfn.XLOOKUP(H84, Sheet3!$E:$E, Sheet3!$D:$D, "") -> 조수경
A85: lms-prd-myd-enh12j2071-lm | B85: Standby Master | C85: running | D85: lms-prd-myd-018-lm-005-3xc0 | E85: G2 - [Standard]16vCPU, 64GB Mem | F85: lms-prd-vpc-01 | G85: lms-prd-sub-prv-myd-lm-07 | J85: 2025-10-17 오후 10:34 (UTC+09:00) | K85: SSD | L85: 11GB | M85: N | N85: MYSQL8.0.42 | O85: 3306 | P85: 7일(02:00) | X85: =_xlfn.XLOOKUP(H85, Sheet3!$E:$E, Sheet3!$B:$B, "") -> 0 | Y85: =_xlfn.XLOOKUP(H85, Sheet3!$E:$E, Sheet3!$C:$C, "") -> 0 | Z85: =_xlfn.XLOOKUP(H85, Sheet3!$E:$E, Sheet3!$D:$D, "") -> 0
A86: lms-prd-myd-enh12k1061-lm | B86: Master | C86: running | D86: lms-prd-myd-017-lm-005-42aa | E86: G2 - [Standard]16vCPU, 64GB Mem | F86: lms-prd-vpc-01 | G86: lms-prd-sub-prv-myd-lm-06 | H86: db-308ujk-kr1.vpc-cdb.gov-ntruss.com | J86: 2025-11-15 오후 10:57 (UTC+09:00) | K86: SSD | L86: 11GB | M86: N | N86: MYSQL8.0.42 | O86: 3306 | P86: 7일(02:00) | Q86: lms_ath, lms_cms, lms_lrm | R86: /backup/DB_DUMP/PRD_LRM_BK_백업날짜 | S86: LRM_PRD6_1_백업날짜.sql | T86: 0.125 | U86: 매일 | V86: lrm_prd_bk.sh | X86: =_xlfn.XLOOKUP(H86, Sheet3!$E:$E, Sheet3!$B:$B, "") -> 고등 | Y86: =_xlfn.XLOOKUP(H86, Sheet3!$E:$E, Sheet3!$C:$C, "") -> 공통영어 2 | Z86: =_xlfn.XLOOKUP(H86, Sheet3!$E:$E, Sheet3!$D:$D, "") -> 강상구
A87: lms-prd-myd-enh12k1061-lm | B87: Standby Master | C87: running | D87: lms-prd-myd-017-lm-006-42ad | E87: G2 - [Standard]16vCPU, 64GB Mem | F87: lms-prd-vpc-01 | G87: lms-prd-sub-prv-myd-lm-06 | J87: 2025-11-15 오후 11:18 (UTC+09:00) | K87: SSD | L87: 11GB | M87: N | N87: MYSQL8.0.42 | O87: 3306 | P87: 7일(02:00) | X87: =_xlfn.XLOOKUP(H87, Sheet3!$E:$E, Sheet3!$B:$B, "") -> 0 | Y87: =_xlfn.XLOOKUP(H87, Sheet3!$E:$E, Sheet3!$C:$C, "") -> 0 | Z87: =_xlfn.XLOOKUP(H87, Sheet3!$E:$E, Sheet3!$D:$D, "") -> 0
A88: lms-prd-myd-ene34h2031-lm | B88: Master | C88: running | D88: lms-prd-myd-016-lm-005-3uij | E88: G2 - [Standard]16vCPU, 64GB Mem | F88: lms-prd-vpc-01 | G88: lms-prd-sub-prv-myd-lm-03 | H88: db-308uik-kr1.vpc-cdb.gov-ntruss.com | J88: 2025-09-21 오전 9:13 (UTC+09:00) | K88: SSD | L88: 45GB | M88: N | N88: MYSQL8.0.42 | O88: 3306 | P88: 7일(02:00) | Q88: lms_ath, lms_cms, lms_lrm | R88: /backup/DB_DUMP/PRD_LRM_BK_백업날짜 | S88: LRM_PRD3_1_백업날짜.sql | T88: 0.125 | U88: 매일 | V88: lrm_prd_bk.sh | X88: =_xlfn.XLOOKUP(H88, Sheet3!$E:$E, Sheet3!$B:$B, "") -> 초등 | Y88: =_xlfn.XLOOKUP(H88, Sheet3!$E:$E, Sheet3!$C:$C, "") -> 영어 4 | Z88: =_xlfn.XLOOKUP(H88, Sheet3!$E:$E, Sheet3!$D:$D, "") -> 함순애
A89: lms-prd-myd-ene34h2031-lm | B89: Standby Master | C89: running | D89: lms-prd-myd-016-lm-006-3ujs | E89: G2 - [Standard]16vCPU, 64GB Mem | F89: lms-prd-vpc-01 | G89: lms-prd-sub-prv-myd-lm-03 | J89: 2025-09-21 오전 9:51 (UTC+09:00) | K89: SSD | L89: 45GB | M89: N | N89: MYSQL8.0.42 | O89: 3306 | P89: 7일(02:00) | X89: =_xlfn.XLOOKUP(H89, Sheet3!$E:$E, Sheet3!$B:$B, "") -> 0 | Y89: =_xlfn.XLOOKUP(H89, Sheet3!$E:$E, Sheet3!$C:$C, "") -> 0 | Z89: =_xlfn.XLOOKUP(H89, Sheet3!$E:$E, Sheet3!$D:$D, "") -> 0
A90: lms-prd-myd-ene34k3021-lm | B90: Master | C90: running | D90: lms-prd-myd-015-lm-005-42a8 | E90: G2 - [Standard]16vCPU, 64GB Mem | F90: lms-prd-vpc-01 | G90: lms-prd-sub-prv-myd-lm-02 | H90: db-308ugs-kr1.vpc-cdb.gov-ntruss.com | J90: 2025-11-15 오후 10:56 (UTC+09:00) | K90: SSD | L90: 24GB | M90: N | N90: MYSQL8.0.42 | O90: 3306 | P90: 7일(01:45) | Q90: lms_ath, lms_cms, lms_lrm | R90: /backup/DB_DUMP/PRD_LRM_BK_백업날짜 | S90: LRM_PRD2_1_백업날짜.sql | T90: 0.125 | U90: 매일 | V90: lrm_prd_bk.sh | X90: =_xlfn.XLOOKUP(H90, Sheet3!$E:$E, Sheet3!$B:$B, "") -> 초등 | Y90: =_xlfn.XLOOKUP(H90, Sheet3!$E:$E, Sheet3!$C:$C, "") -> 영어 4 | Z90: =_xlfn.XLOOKUP(H90, Sheet3!$E:$E, Sheet3!$D:$D, "") -> 김태은
A91: lms-prd-myd-ene34k3021-lm | B91: Standby Master | C91: running | D91: lms-prd-myd-015-lm-006-42al | E91: G2 - [Standard]16vCPU, 64GB Mem | F91: lms-prd-vpc-01 | G91: lms-prd-sub-prv-myd-lm-02 | J91: 2025-11-15 오후 11:37 (UTC+09:00) | K91: SSD | L91: 23GB | M91: N | N91: MYSQL8.0.42 | O91: 3306 | P91: 7일(01:45) | X91: =_xlfn.XLOOKUP(H91, Sheet3!$E:$E, Sheet3!$B:$B, "") -> 0 | Y91: =_xlfn.XLOOKUP(H91, Sheet3!$E:$E, Sheet3!$C:$C, "") -> 0 | Z91: =_xlfn.XLOOKUP(H91, Sheet3!$E:$E, Sheet3!$D:$D, "") -> 0
A92: lms-prd-myd-ene34l1011-lm | B92: Master | C92: running | D92: lms-prd-myd-014-lm-005-3uil | E92: G2 - [Standard]16vCPU, 64GB Mem | F92: lms-prd-vpc-01 | G92: lms-prd-sub-prv-myd-lm-01 | H92: db-308ufr-kr1.vpc-cdb.gov-ntruss.com | J92: 2025-09-21 오전 9:14 (UTC+09:00) | K92: SSD | L92: 15GB | M92: N | N92: MYSQL8.0.42 | O92: 3306 | P92: 7일(02:15) | Q92: lms_ath, lms_cms, lms_lrm | R92: /backup/DB_DUMP/PRD_LRM_BK_백업날짜 | S92: LRM_PRD1_1_백업날짜.sql | T92: 0.125 | U92: 매일 | V92: lrm_prd_bk.sh | X92: =_xlfn.XLOOKUP(H92, Sheet3!$E:$E, Sheet3!$B:$B, "") -> 초등 | Y92: =_xlfn.XLOOKUP(H92, Sheet3!$E:$E, Sheet3!$C:$C, "") -> 영어 4 | Z92: =_xlfn.XLOOKUP(H92, Sheet3!$E:$E, Sheet3!$D:$D, "") -> 이동환
A93: lms-prd-myd-ene34l1011-lm | B93: Standby Master | C93: running | D93: lms-prd-myd-014-lm-006-3uju | E93: G2 - [Standard]16vCPU, 64GB Mem | F93: lms-prd-vpc-01 | G93: lms-prd-sub-prv-myd-lm-01 | J93: 2025-09-21 오전 9:52 (UTC+09:00) | K93: SSD | L93: 14GB | M93: N | N93: MYSQL8.0.42 | O93: 3306 | P93: 7일(02:15) | X93: =_xlfn.XLOOKUP(H93, Sheet3!$E:$E, Sheet3!$B:$B, "") -> 0 | Y93: =_xlfn.XLOOKUP(H93, Sheet3!$E:$E, Sheet3!$C:$C, "") -> 0 | Z93: =_xlfn.XLOOKUP(H93, Sheet3!$E:$E, Sheet3!$D:$D, "") -> 0
A94: lms-prd-myd-admin-01 | B94: Master | C94: running | D94: lms-prd-myd-01-admin-003-3xbx | E94: G2 - [Standard]4vCPU, 16GB Mem | F94: lms-prd-vpc-01 | G94: lms-prd-sub-prv-myd-admin-01 | H94: db-307mr9-kr1.vpc-cdb.gov-ntruss.com | J94: 2025-10-17 오후 10:33 (UTC+09:00) | K94: SSD | L94: 12GB | M94: N | N94: MYSQL8.0.42 | O94: 3306 | P94: 1일(07:30) | X94: =_xlfn.XLOOKUP(H94, Sheet3!$E:$E, Sheet3!$B:$B, "") | Y94: =_xlfn.XLOOKUP(H94, Sheet3!$E:$E, Sheet3!$C:$C, "") | Z94: =_xlfn.XLOOKUP(H94, Sheet3!$E:$E, Sheet3!$D:$D, "")
A95: lms-prd-myd-admin-01 | B95: Standby Master | C95: running | D95: lms-prd-myd-01-admin-004-3xc7 | E95: G2 - [Standard]4vCPU, 16GB Mem | F95: lms-prd-vpc-01 | G95: lms-prd-sub-prv-myd-admin-01 | J95: 2025-10-17 오후 10:54 (UTC+09:00) | K95: SSD | L95: 12GB | M95: N | N95: MYSQL8.0.42 | O95: 3306 | P95: 1일(07:30) | X95: =_xlfn.XLOOKUP(H95, Sheet3!$E:$E, Sheet3!$B:$B, "") -> 0 | Y95: =_xlfn.XLOOKUP(H95, Sheet3!$E:$E, Sheet3!$C:$C, "") -> 0 | Z95: =_xlfn.XLOOKUP(H95, Sheet3!$E:$E, Sheet3!$D:$D, "") -> 0
A96: lms-dev-myd-admin-01 | B96: Stand Alone | C96: running | D96: lms-dev-myd-01-admin-002-3wrm | E96: G2 - [Standard]2vCPU, 8GB Mem | F96: lms-dev-vpc-01 | G96: lms-dev-sub-prv-myd-admin-01 | H96: db-302752-kr1.vpc-cdb.gov-ntruss.com | J96: 2025-10-14 오후 10:27 (UTC+09:00) | K96: SSD | L96: 9GB | M96: N | N96: MYSQL8.0.42 | O96: 3306 | P96: 1일(11:15) | X96: =_xlfn.XLOOKUP(H96, Sheet3!$E:$E, Sheet3!$B:$B, "") | Y96: =_xlfn.XLOOKUP(H96, Sheet3!$E:$E, Sheet3!$C:$C, "") | Z96: =_xlfn.XLOOKUP(H96, Sheet3!$E:$E, Sheet3!$D:$D, "")
A97: lms-prd-etb-01 | B97: Master | C97: running | D97: lms-prd-etb-01-003-41l6 | E97: G2 - [Standard]8vCPU, 32GB Mem | F97: lms-prd-vpc-01 | G97: lms-prd-sub-prv-myd-etb-01 | H97: db-301a63-kr1.vpc-cdb.gov-ntruss.com | J97: 2025-11-11 오후 6:04 (UTC+09:00) | K97: SSD | L97: 9GB | M97: N | N97: MYSQL8.0.42 | O97: 3306 | P97: 1일(02:00) | X97: =_xlfn.XLOOKUP(H97, Sheet3!$E:$E, Sheet3!$B:$B, "") | Y97: =_xlfn.XLOOKUP(H97, Sheet3!$E:$E, Sheet3!$C:$C, "") | Z97: =_xlfn.XLOOKUP(H97, Sheet3!$E:$E, Sheet3!$D:$D, "")
A98: lms-prd-etb-01 | B98: Standby Master | C98: running | D98: lms-prd-etb-01-004-41mg | E98: G2 - [Standard]8vCPU, 32GB Mem | F98: lms-prd-vpc-01 | G98: lms-prd-sub-prv-myd-etb-01 | J98: 2025-11-11 오후 6:33 (UTC+09:00) | K98: SSD | L98: 9GB | M98: N | N98: MYSQL8.0.42 | O98: 3306 | P98: 1일(02:00) | X98: =_xlfn.XLOOKUP(H98, Sheet3!$E:$E, Sheet3!$B:$B, "") -> 0 | Y98: =_xlfn.XLOOKUP(H98, Sheet3!$E:$E, Sheet3!$C:$C, "") -> 0 | Z98: =_xlfn.XLOOKUP(H98, Sheet3!$E:$E, Sheet3!$D:$D, "") -> 0
A99: lms-stg-myd-mae34h109-lm | B99: Stand Alone | C99: running | D99: lms-stg-myd-09-lm-004-3uaz | E99: G2 - [Standard]2vCPU, 8GB Mem | F99: lms-stg-vpc-01 | G99: lms-stg-sub-prv-myd-lm-09 | H99: db-300p26-kr1.vpc-cdb.gov-ntruss.com | J99: 2025-09-20 오후 1:10 (UTC+09:00) | K99: SSD | L99: 13GB | M99: N | N99: MYSQL8.0.42 | O99: 3306 | P99: 3일(02:00) | Q99: lms_ath, lms_cms, lms_lrm | R99: /backup/DB_DUMP/STG_LRM_BK | S99: LRM_STG9_백업날짜.sql | T99: 0.083333333 | U99: 매일 | V99: lrm_stg_bk.sh | X99: =_xlfn.XLOOKUP(H99, Sheet3!$E:$E, Sheet3!$B:$B, "") | Y99: =_xlfn.XLOOKUP(H99, Sheet3!$E:$E, Sheet3!$C:$C, "") | Z99: =_xlfn.XLOOKUP(H99, Sheet3!$E:$E, Sheet3!$D:$D, "")
A100: lms-stg-myd-mae34h109-lw | B100: Stand Alone | C100: running | D100: lms-stg-myd-09-lw-004-3uay | E100: G2 - [Standard]2vCPU, 8GB Mem | F100: lms-stg-vpc-01 | G100: lms-stg-sub-prv-myd-lw-09 | H100: db-300p0t-kr1.vpc-cdb.gov-ntruss.com | J100: 2025-09-20 오후 1:10 (UTC+09:00) | K100: SSD | L100: 9GB | M100: N | N100: MYSQL8.0.42 | O100: 3306 | P100: 3일(02:00) | Q100: lms_lrw | R100: /backup/DB_DUMP/STG_LRW_BK | S100: LRW_STG9_백업날짜.sql | T100: 0.083333333 | U100: 매일 | V100: lrw_stg_bk.sh | X100: =_xlfn.XLOOKUP(H100, Sheet3!$E:$E, Sheet3!$B:$B, "") | Y100: =_xlfn.XLOOKUP(H100, Sheet3!$E:$E, Sheet3!$C:$C, "") | Z100: =_xlfn.XLOOKUP(H100, Sheet3!$E:$E, Sheet3!$D:$D, "")
...

Sheet Sheet3
A1: LMS PRD LW DB 현황 | B1: 학교급 | C1: 교과서 명 | D1: 저자 | E1: 접속정보
B2: 초등 | C2: 영어 3 | D2: 이동환 | E2: db-2nmn5-kr1.vpc-cdb.gov-ntruss.com
B3: 초등 | C3: 영어 4 | D3: 이동환 | E3: db-308ufr-kr1.vpc-cdb.gov-ntruss.com
B4: 초등 | C4: 영어 3 | D4: 김태은 | E4: db-2o1ai-kr1.vpc-cdb.gov-ntruss.com
B5: 초등 | C5: 영어 4 | D5: 김태은 | E5: db-308ugs-kr1.vpc-cdb.gov-ntruss.com
B6: 초등 | C6: 영어 3 | D6: 함순애 | E6: db-2nmqc-kr1.vpc-cdb.gov-ntruss.com
B7: 초등 | C7: 영어 4 | D7: 함순애 | E7: db-308uik-kr1.vpc-cdb.gov-ntruss.com
B8: 중학 | C8: 영어 | D8: 이상기 | E8: db-2nms0-kr1.vpc-cdb.gov-ntruss.com
B9: 중학 | C9: 영어 | D9: 소영순 | E9: db-2nmtt-kr1.vpc-cdb.gov-ntruss.com
B10: 고등 | C10: 공통영어 1 | D10: 강상구 | E10: db-2nmv1-kr1.vpc-cdb.gov-ntruss.com
B11: 고등 | C11: 공통영어 2 | D11: 강상구 | E11: db-308ujk-kr1.vpc-cdb.gov-ntruss.com
B12: 고등 | C12: 공통영어 1 | D12: 조수경 | E12: db-2nn03-kr1.vpc-cdb.gov-ntruss.com
B13: 고등 | C13: 공통영어 2 | D13: 조수경 | E13: db-308ukf-kr1.vpc-cdb.gov-ntruss.com
... B27: 고등 | C27: 공통수학2 | D27: 홍진곤 | E27: db-308un0-kr1.vpc-cdb.gov-ntruss.com
A29: LMS PRD LW DB 현황 | B29: 초등 | C29: 영어 3 | D29: 이동환 | E29: db-2nmrj-kr1.vpc-cdb.gov-ntruss.com
B30: 초등 | C30: 영어 4 | D30: 이동환 | E30: db-308unj-kr1.vpc-cdb.gov-ntruss.com
B31: 초등 | C31: 영어 3 | D31: 김태은 | E31: db-2o1a4-kr1.vpc-cdb.gov-ntruss.com
B32: 초등 | C32: 영어 4 | D32: 김태은 | E32: db-308uo0-kr1.vpc-cdb.gov-ntruss.com
B33: 초등 | C33: 영어 3 | D33: 함순애 | E33: db-2nmpr-kr1.vpc-cdb.gov-ntruss.com
B34: 초등 | C34: 영어 4 | D34: 함순애 | E34: db-308uok-kr1.vpc-cdb.gov-ntruss.com
B35: 중학 | C35: 영어 | D35: 이상기 | E35: db-2nmqs-kr1.vpc-cdb.gov-ntruss.com
B36: 중학 | C36: 영어 | D36: 소영순 | E36: db-2nmsn-kr1.vpc-cdb.gov-ntruss.com
B37: 고등 | C37: 공통영어 1 | D37: 강상구 | E37: db-2nmue-kr1.vpc-cdb.gov-ntruss.com
B38: 고등 | C38: 공통영어 2 | D38: 강상구 | E38: db-308up5-kr1.vpc-cdb.gov-ntruss.com
B39: 고등 | C39: 공통영어 1 | D39: 조수경 | E39: db-2nmvf-kr1.vpc-cdb.gov-ntruss.com
B40: 고등 | C40: 공통영어 2 | D40: 조수경 | E40: db-308upl-kr1.vpc-cdb.gov-ntruss.com
B41: 초등 | C41: 수학 3-1 | D41: 박만구 | E41: db-2nn0r-kr1.vpc-cdb.gov-ntruss.com
... B54: 고등 | C54: 공통수학2 | D54: 홍진곤 | E54: db-308usp-kr1.vpc-cdb.gov-ntruss.com
